INSERT INTO Module (Name) VALUES
('Pengguna'),
('Kod Selenggara'),
('Pre-Felling'),
('Timber Tagging'),
('Post-Felling'),
('Hasil'),
('BPH');

INSERT INTO Form (Name, Path, Icon, Category, ModuleID) VALUES
('Profil', 'manageProfile', 'user', NULL, 1),
('Log', 'manageTrailLogs', 'file-text', NULL, 1),
('Modul', 'manageModules', 'sitemap', 'Pentadbiran', 2),
('Jawatan dan Akses', 'manageDesignations', 'suitcase', 'Pentadbiran', 2),
('Pekerja', 'manageStaffs', 'users', 'Pentadbiran', 2),
('Negeri dan Daerah Sivil', 'manageStates', 'globe', 'Pentadbiran', 2),
('Daerah, Renj, dan Balai Pemeriksa Hutan', 'manageDistricts', 'clipboard', 'Kod Hutan', 2),
('Hutan Simpan', 'manageForests', 'tree', 'Kod Hutan', 2),
('Jenis Hutan', 'manageForestTypes', 'list-alt', 'Kod Hutan', 2),
('Jenis Tanah', 'manageSoilTypes', 'list-alt', 'Kod Hutan', 2),
('Geologi', 'manageGeologies', 'area-chart', 'Kod Hutan', 2),
('Keadaan Kawasan', 'manageAreaStatuses', 'map-marker', 'Kod Hutan', 2),
('Keadaan Tanah', 'manageSoilStatuses', 'street-view', 'Kod Hutan', 2),
('Aspek', 'manageAspects', 'compass', 'Kod Hutan', 2),
('Tempat Cerun', 'manageSlopeLocations', 'bookmark', 'Kod Hutan', 2),
('Dongakan', 'manageElevations', 'level-up', 'Kod Hutan', 2),
('Resam', 'manageResams', 'skyatlas', 'Kod Hutan', 2),
('Halia', 'manageGingers', 'try', 'Kod Hutan', 2),
('Pisang', 'manageBananas', 'moon-o', 'Kod Hutan', 2),
('Kumpulan Jenis Kayu-Kayan', 'manageTimberGroups', 'institution', 'Kod Pokok', 2),
('Jenis Kayu-Kayan', 'manageTimberTypes', 'pause', 'Kod Pokok', 2),
('Jenis Spesis', 'manageSpeciesTypes', 'link', 'Kod Pokok', 2),
('Spesis', 'manageSpeciesList', 'leaf', 'Kod Pokok', 2),
('Daftar Pemulihan', 'manageRegenerationTypes', 'refresh', 'Kod Pokok', 2),
('Jenis Perlindungan', 'manageProtectedTypes', 'shield', 'Kod Pokok', 2),
('Had Pokok', 'manageTreeLimits', 'exchange', 'Kod Pokok', 2),
('Jenis Petak', 'managePlotTypes', 'stop', 'Kod Bancian', 2),
('Kualiti Balak', 'manageLogQualities', 'check-circle', 'Kod Bancian', 2),
('Kesuburan', 'manageFertilities', 'heart', 'Kod Bancian', 2),
('Melingkari', 'manageVineSpreadths', 'circle-o', 'Kod Bancian', 2),
('Keadaan Pokok', 'manageTreeStatuses', 'info', 'Kod Bancian', 2),
('Silara', 'manageSilaras', 'flag', 'Kod Bancian', 2),
('Keunggulan', 'manageDominances', 'exclamation', 'Kod Bancian', 2),
('Opsyen Had Tebangan', 'manageCuttingOptions', 'cogs', 'Kod Bancian', 2),
('Jenis Tukul', 'manageHammerTypes', 'ioxhost', 'Kod Penandaan', 2),
('Tukul', 'manageHammers', 'gavel', 'Kod Penandaan', 2),
('Jenis Penandaan', 'manageTaggingTypes', 'paste', 'Kod Penandaan', 2),
('Jenis Pokok', 'manageTreeTypes', 'tree', 'Kod Penandaan', 2),
('Sifir Isipadu', 'manageVolumeGroups', 'cube', 'Kod Penandaan', 2),
('Kontraktor', 'manageContractors', 'male', 'Tender', 2),
('Sebut Harga', 'manageTenders', 'money', 'Tender', 2),
('Kod Objek', 'manageBursaryVots', 'money', 'Kod Vot', 2),
('Kod Objek Lanjut', 'manageDepartmentVots', 'money', 'Kod Vot', 2),
('Wang Amanah', 'manageTrustFunds', 'money', 'Kod Vot', 2),
('Kumpulan Keluaran', 'manageProductGroups', 'money', 'Kod Kadar Royalti', 2),
('Keluaran Kecil', 'manageSmallProducts', 'money', 'Kod Kadar Royalti', 2),
('Pemetaan Borang Transaksi-Kod Objek Lanjut', 'manageTransactionFormMapDepartmentVots', 'money', 'Pemetaan Borang Transaksi', 2),
('Pemetaan Borang Transaksi-Wang Amanah', 'manageTransactionFormMapTrustFunds', 'money', 'Pemetaan Borang Transaksi', 2),
('Cara Bayaran', 'managePaymentTypes', 'money', 'Kod Bayaran', 2),
('Bank', 'manageBanks', 'money', 'Kod Bayaran', 2),
('Unit', 'manageUnits', 'money', 'Kod Kadar Royalti', 2),
('Jenis Cek', 'manageChequeTypes', 'money', 'Kod Bayaran', 2),
('Kategori Hutan', 'manageForestCategories', 'money', 'Kod Lesen', 2),
('Status Lesen', 'manageLicenseStatus', 'money', 'Kod Lesen', 2),
('Jenis Lesen', 'manageLicenseTypes', 'money', 'Kod Lesen', 2),
('Kadar Royalti Hasil Utama', 'manageMainRevenueRoyaltyRates', 'money', 'Kod Kadar Royalti', 2),
('Kadar Royalti Keluaran Kecil', 'manageSmallProductRoyaltyRates', 'money', 'Kod Kadar Royalti', 2),
('Saiz Balak', 'manageLogSizes', 'tree', 'Kod Balai', 2),
('Pegawai Balai', 'manageHallOfficers', 'tree', 'Kod Balai', 2),
('Sesi Bancian', 'managePreFellingSurveys', 'edit', NULL, 3),
('Kad Bancian', 'managePreFellingSurveyCards', 'table', NULL, 3),
('Borang Semakan', 'managePreFellingInspectionForms', 'table', NULL, 3),
('Sesi Penandaan', 'manageTaggings', 'tags', NULL, 4),
('Borang Penandaan', 'manageTaggingForms', 'file', NULL, 4),
('Borang Semakan', 'manageTaggingInspectionForms', 'table', NULL, 4),
('Sesi Bancian', 'managePostFellingSurveys', 'edit', NULL, 5),
('Kad Bancian', 'managePostFellingSurveyCards', 'table', NULL, 5),
('Borang Semakan', 'managePostFellingInspectionCards', 'table', NULL, 5),
('Resit', 'manageReceipts', 'money', NULL, 6),
('Kontraktor Pembangunan Hutan', 'manageForestDevelopmentContractors', 'money', NULL, 6),
('Pengusaha/Kontraktor Pembalakan', 'manageLoggingContractors', 'money', NULL, 6),
('Lesen', 'manageLicenses', 'money', NULL, 6),
('Permit', 'managePermits', 'money', NULL, 6),
('Jurnal', 'manageJournals', 'money', NULL, 6),
('Baucar', 'manageVouchers', 'money', NULL, 6),
('Tual Balak', 'manageLogs', 'tree', NULL, 7),
('Pas Memindah', 'manageTransferPasses', 'tree', NULL, 7);

INSERT INTO Designation (Name) VALUES
('Pengarah Jabatan Perhutanan Negeri'),
('Timbalan Pengarah (Pembangunan Hutan)'),
('Timbalan Pengarah (Operasi dan Penguatkuasaan)'),
('Penolong Pengarah Kanan (Perancangan dan Pensijilan Pengurusan Hutan)'),
('Penolong Pengarah Kanan (Silvikultur dan Perlindungan)'),
('Penolong Pengarah Kanan (Perindustrian dan Pengusahasilan Hutan)'),
('Penolong Pengarah Kanan (Hutan Lipur, Eco-Park, dan Taman Negeri)'),
('Penolong Pengarah Kanan (Penguatkuasaan)'),
('Penolong Pengarah Kanan (Latihan dan Pengembangan)'),
('Penolong Pengarah (Perancangan dan Pensijilan Pengurusan Hutan)'),
('Penolong Pengarah (Silvikultur dan Perlindungan)'),
('Penolong Pengarah (Perindustrian dan Pengusahasilan Hutan)'),
('Penolong Pengarah (Hutan Lipur, Eco-Park, dan Taman Negeri)'),
('Penolong Pengarah (Penguatkuasaan)'),
('Penolong Pengarah (Latihan dan Pengembangan)'),
('Pegawai Hutan Daerah'),
('Penolong Pegawai Hutan Daerah'),
('Penolong Pegawai Hutan Daerah Renj'),
('Pengawas Hutan (Perancangan dan Pensijilan Pengurusan Hutan)'),
('Pengawas Hutan (Silvikultur dan Perlindungan)'),
('Pengawas Hutan (Perindustrian dan Pengusahasilan Hutan)'),
('Pengawas Hutan (Hutan Lipur, Eco-Park, dan Taman Negeri)'),
('Pengawas Hutan (Penguatkuasaan)'),
('Pengawas Hutan (Latihan dan Pengembangan)'),
('Pegawai Kewangan'),
('Pembantu Kewangan Kanan'),
('Pembantu Kewangan'),
('Kontraktor');

INSERT INTO DefaultAccess VALUES
(1, 1),
(1, 2),
(1, 5),
(1, 6),
(1, 7),
(1, 8),
(1, 24),
(1, 25),
(1, 26),
(1, 34),
(1, 36),
(1, 39),
(1, 40),
(1, 41),
(1, 55),
(1, 60),
(1, 61),
(1, 62),
(1, 63),
(1, 64),
(1, 65),
(1, 66),
(1, 67),
(1, 68),
(1, 69),
(1, 70),
(1, 71),
(1, 72),
(1, 73),
(1, 74),
(1, 75),
(1, 76),
(1, 77),
(2, 1),
(2, 60),
(2, 61),
(2, 62),
(2, 63),
(2, 64),
(2, 65),
(2, 66),
(2, 67),
(2, 68),
(3, 1),
(3, 60),
(3, 61),
(3, 62),
(4, 1),
(4, 60),
(4, 61),
(4, 62),
(5, 1),
(5, 66),
(5, 67),
(5, 68),
(6, 1),
(6, 76),
(6, 77),
(7, 1),
(8, 1),
(9, 1),
(10, 1),
(10, 60),
(10, 61),
(10, 62),
(11, 1),
(11, 66),
(11, 67),
(11, 68),
(12, 1),
(12, 76),
(12, 77),
(13, 1),
(14, 1),
(15, 1),
(16, 1),
(16, 7),
(16, 36),
(16, 60),
(16, 61),
(16, 62),
(16, 63),
(16, 64),
(16, 65),
(16, 66),
(16, 76),
(16, 77),
(17, 1),
(17, 60),
(17, 61),
(17, 62),
(17, 63),
(17, 64),
(17, 65),
(17, 76),
(17, 77),
(18, 1),
(18, 60),
(18, 61),
(18, 63),
(18, 64),
(19, 1),
(19, 60),
(19, 61),
(19, 63),
(19, 64),
(20, 1),
(20, 66),
(20, 67),
(21, 1),
(21, 76),
(21, 77),
(22, 1),
(23, 1),
(24, 1),
(25, 1),
(25, 69),
(25, 70),
(25, 71),
(25, 72),
(25, 73),
(25, 74),
(25, 75),
(26, 1),
(26, 69),
(26, 70),
(26, 71),
(26, 72),
(26, 73),
(26, 74),
(26, 75),
(27, 1),
(27, 69),
(27, 70),
(27, 71),
(27, 72),
(27, 73),
(27, 74),
(27, 75),
(28, 1),
(28, 36),
(28, 60),
(28, 61),
(28, 63),
(28, 64),
(28, 66),
(28, 67);

INSERT INTO Staff VALUES
('fis9@utem.edu.my', 'SYSTEM ADMINISTRATOR', 'V0Ze', NULL, 1, 1, NULL, NULL),
('staf_johor@test.gov.my', 'PEKERJA JOHOR', 'V0Ze', 1, 0, 0, NULL, NULL),
('staf_kedah@test.gov.my', 'PEKERJA KEDAH', 'V0Ze', 1, 0, 0, NULL, NULL),
('staf_kelantan@test.gov.my', 'PEKERJA KELANTAN', 'V0Ze', 1, 0, 0, NULL, NULL),
('staf_melaka@test.gov.my', 'PEKERJA MELAKA', 'V0Ze', 1, 0, 0, NULL, NULL),
('staf_pahang@test.gov.my', 'PEKERJA PAHANG', 'V0Ze', 1, 0, 0, NULL, NULL),
('staf_penang@test.gov.my', 'PEKERJA PENANG', 'V0Ze', 1, 0, 0, NULL, NULL),
('staf_perak@test.gov.my', 'PEKERJA PERAK', 'V0Ze', 1, 0, 0, NULL, NULL),
('staf_perlis@test.gov.my', 'PEKERJA PERLIS', 'V0Ze', 1, 0, 0, NULL, NULL),
('staf_selangor@test.gov.my', 'PEKERJA SELANGOR', 'V0Ze', 1, 0, 0, NULL, NULL),
('staf_terengganu@test.gov.my', 'PEKERJA TERENGGANU', 'V0Ze', 1, 0, 0, NULL, NULL),
('staf_sabah@test.gov.my', 'PEKERJA SABAH', 'V0Ze', 1, 0, 0, NULL, NULL),
('staf_sarawak@test.gov.my', 'PEKERJA SAWARAK', 'V0Ze', 1, 0, 0, NULL, NULL),
('staf_wp@test.gov.my', 'PEKERJA WILAYAH PERSEKUTUAN', 'V0Ze', 1, 0, 0, NULL, NULL),
('salim.aman@ns.gov.my', 'SALIM BIN AMAN', 'V0Ze', 1, 1, 0, NULL, NULL),
('adli@ns.gov.my', 'NORADLI @ MOHD ADLI BIN PARSADA', 'V0Ze', 2, 1, 0, NULL, NULL),
('p_pengarah_sp@ns.gov.my', 'PENOLONG PENGARAH (SILVIKULTUR DAN PERLINDUNGAN)', 'V0Ze', 11, 1, 0, NULL, NULL),
('mshahril@ns.gov.my', 'MOHD SHAHRIL BIN ABD RASHID', 'V0Ze', 16, 1, 0, NULL, NULL),
('mohdrizal@ns.gov.my', 'MOHD RIZAL BIN RAZALI', 'V0Ze', 16, 1, 0, NULL, NULL),
('norshazlee@ns.gov.my', 'NORSHAZLEE BIN ROSLEE', 'V0Ze', 16, 1, 0, NULL, NULL),
('wanzulkifli@ns.gov.my', 'WAN ZULKIFLI BIN WAN ALIM', 'V0Ze', 17, 1, 0, NULL, NULL),
('noorizianti@ns.gov.my', 'NOOR IZIANTI BINTI ISHAK', 'V0Ze', 17, 1, 0, NULL, NULL),
('rosman@ns.gov.my', 'ROSMAN BIN HAMZAH', 'V0Ze', 18, 1, 0, NULL, NULL),
('rosnan@ns.gov.my', 'ROSNAN BIN HAMZAH', 'V0Ze', 18, 1, 0, NULL, NULL),
('ramli@ns.gov.my', 'RAMLI BIN AB RAHMAN', 'V0Ze', 18, 1, 0, NULL, NULL),
('bidin@ns.gov.my', 'BIDIN BIN ABDULLAH', 'V0Ze', 18, 1, 0, NULL, NULL),
('kamarulzainie@ns.gov.my', 'KAMARUL ZAINIE BIN ABDUL MANAN', 'V0Ze', 18, 1, 0, NULL, NULL),
('khalid.mustafa@ns.gov.my', 'KHALID BIN MUSTAFA', 'V0Ze', 18, 1, 0, NULL, NULL),
('dfo_nsb@ns.gov.my', 'PEGAWAI HUTAN DAERAH BARAT', 'V0Ze', 16, 1, 0, NULL, NULL),
('dfo_nst@ns.gov.my', 'PEGAWAI HUTAN DAERAH TIMUR', 'V0Ze', 16, 1, 0, NULL, NULL),
('dfo_nsu@ns.gov.my', 'PEGAWAI HUTAN DAERAH UTARA', 'V0Ze', 16, 1, 0, NULL, NULL),
('adfo_seremban@ns.gov.my', 'PENOLONG PEGAWAI HUTAN DAERAH RENJ SEREMBAN', 'V0Ze', 18, 1, 0, NULL, NULL),
('adfo_gemencheh@ns.gov.my', 'PENOLONG PEGAWAI HUTAN DAERAH RENJ GEMENCHEH', 'V0Ze', 18, 1, 0, NULL, NULL),
('adfo_kualapilah@ns.gov.my', 'PENOLONG PEGAWAI HUTAN DAERAH RENJ KUALA PILAH', 'V0Ze', 18, 1, 0, NULL, NULL),
('adfo_jempol@ns.gov.my', 'PENOLONG PEGAWAI HUTAN DAERAH RENJ JEMPOL', 'V0Ze', 18, 1, 0, NULL, NULL),
('adfo_jelebu@ns.gov.my', 'PENOLONG PEGAWAI HUTAN DAERAH RENJ JELEBU', 'V0Ze', 18, 1, 0, NULL, NULL),
('adfo_simpangpertang@ns.gov.my', 'PENOLONG PEGAWAI HUTAN DAERAH RENJ SIMPANG PERTANG', 'V0Ze', 18, 1, 0, NULL, NULL),
('ph_ppb_1@ns.gov.my', 'PENGAWAS HUTAN (PERANCANGAN DAN PENSIJILAN PENGURUSAN) BARAT 1', 'V0Ze', 19, 1, 0, NULL, NULL),
('ph_ppb_2@ns.gov.my', 'PENGAWAS HUTAN (PERANCANGAN DAN PENSIJILAN PENGURUSAN) BARAT 2', 'V0Ze', 19, 1, 0, NULL, NULL),
('ph_ppb_3@ns.gov.my', 'PENGAWAS HUTAN (PERANCANGAN DAN PENSIJILAN PENGURUSAN) BARAT 3', 'V0Ze', 19, 1, 0, NULL, NULL),
('ph_ppt_1@ns.gov.my', 'PENGAWAS HUTAN (PERANCANGAN DAN PENSIJILAN PENGURUSAN) TIMUR 1', 'V0Ze', 19, 1, 0, NULL, NULL),
('ph_ppt_2@ns.gov.my', 'PENGAWAS HUTAN (PERANCANGAN DAN PENSIJILAN PENGURUSAN) TIMUR 2', 'V0Ze', 19, 1, 0, NULL, NULL),
('ph_ppt_3@ns.gov.my', 'PENGAWAS HUTAN (PERANCANGAN DAN PENSIJILAN PENGURUSAN) TIMUR 3', 'V0Ze', 19, 1, 0, NULL, NULL),
('ph_ppu_1@ns.gov.my', 'PENGAWAS HUTAN (PERANCANGAN DAN PENSIJILAN PENGURUSAN) UTARA 1', 'V0Ze', 19, 1, 0, NULL, NULL),
('ph_ppu_2@ns.gov.my', 'PENGAWAS HUTAN (PERANCANGAN DAN PENSIJILAN PENGURUSAN) UTARA 2', 'V0Ze', 19, 1, 0, NULL, NULL),
('ph_ppu_3@ns.gov.my', 'PENGAWAS HUTAN (PERANCANGAN DAN PENSIJILAN PENGURUSAN) UTARA 3', 'V0Ze', 19, 1, 0, NULL, NULL),
('ph_spb_1@ns.gov.my', 'PENGAWAS HUTAN (SILVIKULTUR DAN PERLINDUNGAN) BARAT 1', 'V0Ze', 20, 1, 0, NULL, NULL),
('ph_spb_2@ns.gov.my', 'PENGAWAS HUTAN (SILVIKULTUR DAN PERLINDUNGAN) BARAT 2', 'V0Ze', 20, 1, 0, NULL, NULL),
('ph_spb_3@ns.gov.my', 'PENGAWAS HUTAN (SILVIKULTUR DAN PERLINDUNGAN) BARAT 3', 'V0Ze', 20, 1, 0, NULL, NULL),
('ph_spt_1@ns.gov.my', 'PENGAWAS HUTAN (SILVIKULTUR DAN PERLINDUNGAN) TIMUR 1', 'V0Ze', 20, 1, 0, NULL, NULL),
('ph_spt_2@ns.gov.my', 'PENGAWAS HUTAN (SILVIKULTUR DAN PERLINDUNGAN) TIMUR 2', 'V0Ze', 20, 1, 0, NULL, NULL),
('ph_spt_3@ns.gov.my', 'PENGAWAS HUTAN (SILVIKULTUR DAN PERLINDUNGAN) TIMUR 3', 'V0Ze', 20, 1, 0, NULL, NULL),
('ph_spu_1@ns.gov.my', 'PENGAWAS HUTAN (SILVIKULTUR DAN PERLINDUNGAN) UTARA 1', 'V0Ze', 20, 1, 0, NULL, NULL),
('ph_spu_2@ns.gov.my', 'PENGAWAS HUTAN (SILVIKULTUR DAN PERLINDUNGAN) UTARA 2', 'V0Ze', 20, 1, 0, NULL, NULL),
('ph_spu_3@ns.gov.my', 'PENGAWAS HUTAN (SILVIKULTUR DAN PERLINDUNGAN) UTARA 3', 'V0Ze', 20, 1, 0, NULL, NULL),
('ph_iub_1@ns.gov.my', 'PENGAWAS HUTAN (PERINDUSTRIAN DAN PENGUSAHASILAN) BARAT 1', 'V0Ze', 21, 1, 0, NULL, NULL),
('ph_iub_2@ns.gov.my', 'PENGAWAS HUTAN (PERINDUSTRIAN DAN PENGUSAHASILAN) BARAT 2', 'V0Ze', 21, 1, 0, NULL, NULL),
('ph_iub_3@ns.gov.my', 'PENGAWAS HUTAN (PERINDUSTRIAN DAN PENGUSAHASILAN) BARAT 3', 'V0Ze', 21, 1, 0, NULL, NULL),
('ph_iut_1@ns.gov.my', 'PENGAWAS HUTAN (PERINDUSTRIAN DAN PENGUSAHASILAN) TIMUR 1', 'V0Ze', 21, 1, 0, NULL, NULL),
('ph_iut_2@ns.gov.my', 'PENGAWAS HUTAN (PERINDUSTRIAN DAN PENGUSAHASILAN) TIMUR 2', 'V0Ze', 21, 1, 0, NULL, NULL),
('ph_iut_3@ns.gov.my', 'PENGAWAS HUTAN (PERINDUSTRIAN DAN PENGUSAHASILAN) TIMUR 3', 'V0Ze', 21, 1, 0, NULL, NULL),
('ph_iuu_1@ns.gov.my', 'PENGAWAS HUTAN (PERINDUSTRIAN DAN PENGUSAHASILAN) UTARA 1', 'V0Ze', 21, 1, 0, NULL, NULL),
('ph_iuu_2@ns.gov.my', 'PENGAWAS HUTAN (PERINDUSTRIAN DAN PENGUSAHASILAN) UTARA 2', 'V0Ze', 21, 1, 0, NULL, NULL),
('ph_iuu_3@ns.gov.my', 'PENGAWAS HUTAN (PERINDUSTRIAN DAN PENGUSAHASILAN) UTARA 3', 'V0Ze', 21, 1, 0, NULL, NULL),
('pk_ns_1@ns.gov.my', 'PEGAWAI KEWANGAN 1', 'V0Ze', 25, 1, 0, NULL, NULL),
('pk_ns_2@ns.gov.my', 'PEGAWAI KEWANGAN 2', 'V0Ze', 25, 1, 0, NULL, NULL),
('pk_ns_3@ns.gov.my', 'PEGAWAI KEWANGAN 3', 'V0Ze', 25, 1, 0, NULL, NULL),
('pbk_ns_1@ns.gov.my', 'PEMBANTU KEWANGAN KANAN 1', 'V0Ze', 26, 1, 0, NULL, NULL),
('pbk_ns_2@ns.gov.my', 'PEMBANTU KEWANGAN KANAN 2', 'V0Ze', 26, 1, 0, NULL, NULL),
('pbk_ns_3@ns.gov.my', 'PEMBANTU KEWANGAN KANAN 3', 'V0Ze', 26, 1, 0, NULL, NULL),
('pb_ns_1@ns.gov.my', 'PEMBANTU KEWANGAN 1', 'V0Ze', 27, 1, 0, NULL, NULL),
('pb_ns_2@ns.gov.my', 'PEMBANTU KEWANGAN 2', 'V0Ze', 27, 1, 0, NULL, NULL),
('pb_ns_3@ns.gov.my', 'PEMBANTU KEWANGAN 3', 'V0Ze', 27, 1, 0, NULL, NULL);

INSERT INTO State (Code, Name, Motto, DirectorID) VALUES
('01', 'Johor Darul Ta''zim', '', 'staf_johor@test.gov.my'),
('02', 'Kedah Darul Aman', '', 'staf_kedah@test.gov.my'),
('03', 'Kelantan Darul Naim', '', 'staf_kelantan@test.gov.my'),
('04', 'Melaka', '', 'staf_melaka@test.gov.my');

INSERT INTO State (Code, Name, Motto, DirectorID, DeputyDirector1ID) VALUES
('05', 'Negeri Sembilan Darul Khusus', '"NEGARAKU, ALAM SEKITARKU"\n"MEMAKMURKAN NEGERI, MENSEJAHTERAKAN RAKYAT"', 'salim.aman@ns.gov.my', 'adli@ns.gov.my');

INSERT INTO State (Code, Name, Motto, DirectorID) VALUES
('06', 'Pahang Darul Makmur', '', 'staf_pahang@test.gov.my'),
('07', 'Penang', '', 'staf_penang@test.gov.my'),
('08', 'Perak Darul Ridzuan', '', 'staf_perak@test.gov.my'),
('09', 'Perlis Indera Kayangan', '', 'staf_perlis@test.gov.my'),
('10', 'Selangor Darul Ehsan', '', 'staf_selangor@test.gov.my'),
('11', 'Terengganu Darul Iman', '', 'staf_terengganu@test.gov.my'),
('12', 'Sabah', '', 'staf_sabah@test.gov.my'),
('13', 'Sarawak', '', 'staf_sarawak@test.gov.my'),
('14', 'Wilayah Persekutuan', '', 'staf_wp@test.gov.my');

UPDATE Staff SET StateID = 1 WHERE StaffID = 'staf_johor@test.gov.my';
UPDATE Staff SET StateID = 2 WHERE StaffID = 'staf_kedah@test.gov.my';
UPDATE Staff SET StateID = 3 WHERE StaffID = 'staf_kelantan@test.gov.my';
UPDATE Staff SET StateID = 4 WHERE StaffID = 'staf_melaka@test.gov.my';
UPDATE Staff SET StateID = 6 WHERE StaffID = 'staf_pahang@test.gov.my';
UPDATE Staff SET StateID = 7 WHERE StaffID = 'staf_penang@test.gov.my';
UPDATE Staff SET StateID = 8 WHERE StaffID = 'staf_perak@test.gov.my';
UPDATE Staff SET StateID = 9 WHERE StaffID = 'staf_perlis@test.gov.my';
UPDATE Staff SET StateID = 10 WHERE StaffID = 'staf_selangor@test.gov.my';
UPDATE Staff SET StateID = 11 WHERE StaffID = 'staf_terengganu@test.gov.my';
UPDATE Staff SET StateID = 12 WHERE StaffID = 'staf_sabah@test.gov.my';
UPDATE Staff SET StateID = 13 WHERE StaffID = 'staf_sarawak@test.gov.my';
UPDATE Staff SET StateID = 14 WHERE StaffID = 'staf_wp@test.gov.my';
UPDATE Staff SET StateID = 5 WHERE StaffID <> 'fis9@utem.edu.my' AND StateID IS NULL;

INSERT INTO Region (Code, Name, StateID) VALUES
('01', 'Batu Pahat', 1),
('02', 'Johor Bahru', 1),
('03', 'Kluang', 1),
('04', 'Kota Tinggi', 1),
('05', 'Mersing', 1),
('06', 'Muar', 1),
('07', 'Pontian', 1),
('08', 'Segamat', 1),
('01', 'Alor Setar', 2),
('02', 'Kubang Pasu', 2),
('03', 'Padang Terap', 2),
('04', 'Langkawi', 2),
('05', 'Kuala Muda', 2),
('06', 'Yan', 2),
('07', 'Sik', 2),
('08', 'Baling', 2),
('09', 'Kulim', 2),
('10', 'Bandar Baharu', 2),
('11', 'Pendang', 2),
('01', 'Bachok', 3),
('02', 'Kota Bahru', 3),
('03', 'Machang', 3),
('04', 'Pasir Mas', 3),
('05', 'Pasir Putih', 3),
('06', 'Tanah Merah', 3),
('07', 'Tumpat', 3),
('08', 'Ulu Kelantan', 3),
('09', 'Gua Musang', 3),
('01', 'Melaka Tengah', 4),
('02', 'Jasin (Selatan)', 4),
('03', 'Alor Gajah (Utara)', 4),
('01', 'Jelebu', 5),
('02', 'Kuala Pilah', 5),
('03', 'Port Dickson', 5),
('04', 'Rembau', 5),
('05', 'Seremban', 5),
('06', 'Tampin', 5),
('07', 'Jempol', 5);

INSERT INTO District (Code, Name, Address, StateID, OfficerID, AsstOfficerID, Clerk1ID, Clerk2ID, Clerk3ID) VALUES
('NSB', 'Negeri Sembilan Barat', 'Aras 2,\nKompleks Pentadbiran Daerah Seremban,\nPersiaran S2A2 Seremban 2,\n70300 Seremban', 5, 'dfo_nsb@ns.gov.my', NULL, NULL, NULL, NULL),
('NST', 'Negeri Sembilan Timur', 'Kompleks Pejabat Kerajaan,\n72000, Kuala Pilah', 5, 'dfo_nst@ns.gov.my', NULL, NULL, NULL, NULL),
('NSU', 'Negeri Sembilan Utara', '71600, Kuala Klawang Jelebu', 5, 'dfo_nsu@ns.gov.my', NULL, NULL, NULL, NULL);

INSERT INTO `Range` (Name, Address, DistrictID, AsstOfficerID) VALUES
('Seremban', '', 1, 'adfo_seremban@ns.gov.my'),
('Gemencheh', '', 1, 'adfo_gemencheh@ns.gov.my'),
('Kuala Pilah', '', 2, 'adfo_kualapilah@ns.gov.my'),
('Jempol', '', 2, 'adfo_jempol@ns.gov.my'),
('Jelebu', '', 3, 'adfo_jelebu@ns.gov.my'),
('Simpang Pertang', '', 3, 'adfo_simpangpertang@ns.gov.my');

INSERT INTO Hall (HallID, Name, Status, DistrictID) VALUES
(1, 'Seremban (bergerak)', 1, 1),
(2, 'Ulu Sepri (sementara)', 1, 1),
(3, 'Mantin (sementara)', 1, 1),
(4, 'Jalan Melang (tetap)', 1, 2),
(5, 'Senaling Inas (sementara)', 1, 2),
(6, 'Kg. Parit Tinggi (lama)', 1, 2),
(7, 'Ulu Klawang (sementara)', 1, 3),
(8, 'Kenaboi (sementara)', 1, 3),
(9, 'Simpang Pertang (sementara)', 1, 3),
(10, 'Ulu Klawang (tetap)', 1, 3),
(11, 'Petaseh (tetap)', 1, 3),
(12, 'Simpang Pertang (tetap)', 1, 3);

INSERT INTO Forest (Code, Name, Area, DistrictID) VALUES
('01', 'Angsi', 7013.01, 1),
('01', 'Angsi', 5422, 2),
('02', 'Berembun', 5178, 1),
('02', 'Berembun', 9515.42, 2),
('02', 'Berembun', 5911.52, 3),
('03', 'Gallah', 4032.92, 1),
('04', 'Gapau', 5281.65, 3),
('05', 'Gemas Selatan', 765.53, 1),
('06', 'Johol', 4246.93, 2),
('07', 'Kenaboi', 44202.6, 3),
('08', 'Lenggeng', 5417, 1),
('09', 'Pantai', 33.77, 1),
('10', 'Pasir Panjang', 156.9, 1),
('11', 'Pasoh', 7262, 2),
('11', 'Pasoh', 5220.49, 3),
('12', 'Pelangai', 6629.71, 2),
('13', 'Petai', 62.05, 1),
('14', 'Senaling Inas', 7236.53, 2),
('15', 'Setul', 2547.2, 1),
('16', 'Serting', 7371.72, 2),
('17', 'Sungai Menyala', 1280.27, 1),
('18', 'Gunung Tampin', 5541.09, 1),
('19', 'Tebong', 2552, 1),
('20', 'Triang', 12668.18, 3),
('21', 'Pulau Arang', 2.41, 1),
('22', 'Paya Bakau', 98.66, 1);

INSERT INTO ForestType (Code, Name) VALUES
('11', 'Hutan asal terbaik'),
('12', 'Hutan asal baik'),
('13', 'Hutan asal sederhana'),
('21', 'Hutan dibalak'),
('31', 'Hutan rosak'),
('32', 'Kawasan tanaman pindah'),
('41', 'Hutan paya gambut asal'),
('42', 'Hutan paya gambut dibalak'),
('43', 'Hutan paya gambut rosak'),
('51', 'Hutan miskin'),
('52', 'Hutan gunung');

INSERT INTO SoilType (Code, Name) VALUES
('04', 'Unknown 1'),
('21', 'Unknown 2');

INSERT INTO AreaStatus (Code, Name) VALUES
('00', 'Hutan dara'),
('01', 'Dikerjakan secara ringan atau pilihan'),
('02', 'Dikerjakan secara sederhana'),
('03', 'Dikerjakan secara tebang habis'),
('04', 'Kawasan ditebang bebas'),
('05', 'Belukar termasuk kawasan resam'),
('06', 'Kawasan buluh'),
('07', 'Kawasan pisang hutan'),
('08', 'Kawasan tanaman pindah'),
('09', 'Kawasan pertanian'),
('10', 'Batu banggol, termasuk batu kapur'),
('11', 'Kawasan hakisan tanah'),
('12', 'Air (sungai, tasik, dan lain-lain)'),
('13', 'Kawasan becah atau lopak'),
('14', 'Paya'),
('15', 'Kawasan galian, pecah batu, dan lain-lain galian'),
('16', 'Kawasan jalan, keretapi, aliran talian elektrik');

INSERT INTO SoilStatus (Code, Name) VALUES
('0', 'Tanah berbatu besar (lebih 30 cm diameter)'),
('1', 'Tanah berbatu sederhana (8 cm - 30 cm diameter)'),
('2', 'Tanah berbatu besar (lebih 30 cm diameter)'),
('3', 'Tanah berbatu kecil (kurang 8 cm diameter)'),
('4', 'Tanah berpasir'),
('5', 'Tanah gembor pasir'),
('6', 'Tanah gembor atau tanah peroi'),
('7', 'Tanah liat'),
('8', 'Tanah gambut'),
('9', 'Tanah laterit atau batu kawi (tanah batu merah)');

INSERT INTO Aspect (Code, Name) VALUES
('1', 'Utara 316° - 360°'),
('2', 'Timur laut 1° - 45°'),
('3', 'Timur 46° - 90°'),
('4', 'Tenggara 91° - 135°'),
('5', 'Selatan 136° - 180°'),
('6', 'Barat daya 181° - 225°'),
('7', 'Barat 226° - 270°'),
('8', 'Barat laut 271° - 315°');

INSERT INTO SlopeLocation (Code, Name) VALUES
('1', 'Atas permatang'),
('2', 'Cerun atas'),
('3', 'Cerun tengah'),
('4', 'Cerun bawah'),
('5', 'Lurah'),
('6', 'Tanah pamah');

INSERT INTO Elevation (Code, Name) VALUES
('1', '0 hingga 150 m a.p.l.'),
('2', '150 hingga 300 m a.p.l.'),
('3', '300 hingga 450 m a.p.l.'),
('4', '450 hingga 600 m a.p.l.'),
('5', '600 hingga 750 m a.p.l.'),
('6', '750 hingga 900 m a.p.l.'),
('7', '900 hingga 1050 m a.p.l.'),
('8', '1050 hingga 1200 m a.p.l.'),
('9', 'Lebih dari 1200 m a.p.l.');

INSERT INTO Resam (Code, Name) VALUES
('1', '0% - 20%'),
('2', '21% - 40%'),
('3', '41% - 60%'),
('4', '61% - 80%'),
('5', '81% - 100%');

INSERT INTO TimberGroup (Name, Description) VALUES
('Kumpulan I', 'Meranti merah tua, meranti merah muda, meranti putih, meranti kuning, dan meranti melantai'),
('Kumpulan II', 'Mersawa, merawan, dan gerutu'),
('Kumpulan III', 'Keruing berminyak, keruing tidak berminyak, dan kapur'),
('Kumpulan IV', 'Balau, chengal, giam, resak, dan lain-lain kayu keras berat'),
('Kumpulan V', 'Semua kayu keras ringan berpasaran penuh'),
('Kumpulan VI', 'Semua kayu keras sederhana berat berpasaran penuh'),
('Kumpulan VII', 'Semua kayu keras berat berpasaran penuh'),
('Kumpulan VIII', 'Semua kayu bukan dipterokarp separuh berpasaran'),
('Kumpulan IX', 'Semua jenis podo dan damar minyak');

INSERT INTO TimberType (Code, Name) VALUES
('LHW', 'Kayu keras ringan'),
('MHW', 'Kayu keras sederhana berat'),
('HHW', 'Kayu keras berat'),
('SW', 'Kayu lembut');

INSERT INTO SpeciesType (Name) VALUES
('Dipterokarp - meranti'),
('Dipterokarp - bukan meranti'),
('Bukan dipterokarp');

INSERT INTO Species (Code, Name, ScientificName, Symbol, SpeciesTypeID, TimberGroupID, TimberTypeID) VALUES
('0101', 'Meranti merah tua', 'Shorea spp. (dark red)', 'MTT', 1, 1, 1),
('0102', 'Meranti bukit', 'Shorea platyclados', 'MTBT', 1, 1, 1),
('0103', 'Meranti nemesu', 'Shorea pauciflora', 'MTNM', 1, 1, 1),
('0104', 'Meranti sengkawang bulu', 'Shorea singkawang', 'MTSBB', 1, 1, 1),
('0105', 'Meranti sengkawang merah', 'Shorea singkawang', 'MTSBM', 1, 1, 1),
('0106', 'Meranti seraya', 'Shorea curtisii', 'MTSY', 1, 1, 1),
('0107', 'Meranti seraya daun besar', 'Shorea curtisii', 'MTSY', 1, 1, 1),
('0201', 'Meranti merah/meranti merah muda', 'Shorea spp. (red/light red)', 'MTM', 1, 1, 1),
('0202', 'Meranti bakau', 'Shorea uliginosa', 'MTBK', 1, 1, 1),
('0203', 'Meranti batu', 'Shorea dasyphylla', 'MTBU', 1, 1, 1),
('0204', 'Meranti bunga', 'Shorea teysmanniana', 'MTBA', 1, 1, 1),
('0205', 'Meranti daun besar', 'Shorea hemsleyana', 'MTDB', 1, 1, 1),
('0206', 'Meranti kepong', 'Shorea ovalis', 'MTKP', 1, 1, 1),
('0207', 'Meranti kepong hantu', 'Shorea macrantha', 'MTKH', 1, 1, 1),
('0208', 'Meranti langgong', 'Shorea lepidota', 'MTLG', 1, 1, 1),
('0209', 'Meranti paya', 'Shorea platycarpa', 'MTPY', 1, 1, 1),
('0210', 'Meranti pepijat', 'Shorea johorensis', 'MTPJ', 1, 1, 1),
('0211', 'Meranti rambai daun', 'Shorea acuminata', 'MTRD', 1, 1, 1),
('0212', 'Meranti sarang punai', 'Shorea parvifolia', 'MTSP', 1, 1, 1),
('0213', 'Meranti sarang punai bukit', 'Shorea ovata', 'MTSBT', 1, 1, 1),
('0214', 'Meranti tembaga', 'Shorea leprosula', 'MTTB', 1, 1, 1),
('0215', 'Meranti tengkawang ayer', 'Shorea palembanica', 'MTTA', 1, 1, 1),
('0216', 'Meranti melantai', 'Shorea macroptera', 'MTML', 1, 1, 1),
('0301', 'Meranti putih', 'Shorea spp. (white)', 'MTP', 1, 1, 1),
('0302', 'Meranti belang', 'Shorea resinosa', 'MTBE', 1, 1, 1),
('0303', 'Meranti bumbong', 'Shorea dealbata', 'MTBB', 1, 1, 1),
('0304', 'Meranti jerit', 'Shorea henryana', 'MTJT', 1, 1, 1),
('0305', 'Meranti lapis', 'Shorea lamellata', 'MTLP', 1, 1, 1),
('0306', 'Meranti laut', 'Shorea gratissima', 'MTLT', 1, 1, 1),
('0307', 'Meranti mengkai', 'Shorea bentongensis', 'MTMG', 1, 1, 1),
('0308', 'Meranti paang', 'Shorea bracteolata', 'MTPA', 1, 1, 1),
('0309', 'Meranti pipit', 'Shorea assamica', 'MTPP', 1, 1, 1),
('0310', 'Meranti temak', 'Shorea hypochra', 'MTTM', 1, 1, 1),
('0311', 'Meranti temak nipis', 'Shorea roxburghii', 'MTTN', 1, 1, 1),
('0401', 'Meranti kuning/damar hitam', 'Shorea spp. (yellow)', 'DH', 1, 1, 1),
('0402', 'Damar hitam bulu', 'Shorea longisperma', 'DHBL', 1, 1, 1),
('0403', 'Damar hitam gajah', 'Shorea gibbosa', 'DHGJ', 1, 1, 1),
('0404', 'Damar hitam katup', 'Shorea dolichocarpa', 'DHKP', 1, 1, 1),
('0405', 'Damar hitam kelim', 'Shorea blumutensis', 'DHKL', 1, 1, 1),
('0406', 'Damar hitam pipit', 'Shorea multiflora', 'DHPP', 1, 1, 1),
('0407', 'Damar hitam sengkawang putih', 'Shorea maxima', 'DHSI', 1, 1, 1),
('0408', 'Damar hitam siput', 'Shorea faguetiana', 'DHSP', 1, 1, 1),
('0409', 'Damar hitam siput besar', 'Shorea faguetiana', 'DHSB', 1, 1, 1),
('0410', 'Damar hitam siput jantan', 'Shorea hopeifolia', 'DHSJ', 1, 1, 1),
('0411', 'Damar hitam telepok', 'Shorea peltata', 'DHTP', 1, 1, 1),
('0501', 'Mersawa', 'Anisoptera spp.', 'MA', 2, 2, 1),
('0502', 'Mersawa durian', 'Anisoptera laevis', 'MADR', 2, 2, 1),
('0503', 'Mersawa gajah', 'Anisoptera scaphula', 'MAGH', 2, 2, 1),
('0504', 'Mersawa kesat', 'Anisoptera costata', 'MAKS', 2, 2, 1),
('0505', 'Mersawa kuning', 'Anisoptera curtisii', 'MAKN', 2, 2, 1),
('0506', 'Mersawa merah', 'Anisoptera megistocarpa', 'MAMR', 2, 2, 1),
('0507', 'Mersawa paya', 'Anisoptera marginata', 'MAPY', 2, 2, 1),
('0601', 'Merawan', 'Hopea spp. (merawan)', 'MW', 2, 2, 2),
('0602', 'Merawan batu', 'Hopea beccariana', 'MWBU', 2, 2, 2),
('0603', 'Merawan bunga', 'Hopea pubescens', 'MWBN', 2, 2, 2),
('0604', 'Merawan daun bulat', 'Hopea latifolia', 'MWDB', 2, 2, 2),
('0605', 'Merawan gunong', 'Hopea montana', 'MWGN', 2, 2, 2),
('0606', 'Merawan jangkang', 'Hopea nervosa', 'MWJK', 2, 2, 2),
('0607', 'Merawan jantan', 'Hopea griffithii', 'MWJT', 2, 2, 2),
('0608', 'Merawan jeruai', 'Hopea sublanceolata', 'MWJR', 2, 2, 2),
('0609', 'Merawan kelabu', 'Hopea glaucescens', 'MWKL', 2, 2, 2),
('0610', 'Merawan mata kucing beludu', 'Hopea myrtifolia', 'MWBL', 2, 2, 2),
('0611', 'Merawan mata kucing bukit', 'Hopea pedicellata', 'MWBK', 2, 2, 2),
('0612', 'Merawan mata kucing hitam', 'Hopea dryobalanoides', 'MWHT', 2, 2, 2),
('0613', 'Merawan mata kucing merah', 'Hopea ferruginea', 'MWMR', 2, 2, 2),
('0614', 'Merawan mata kucing pipit', 'Hopea johorensis', 'MWPP', 2, 2, 1),
('0615', 'Merawan meranti', 'Hopea sulcata', 'MWMT', 2, 2, 2),
('0616', 'Merawan palit', 'Hopea dyeri', 'MWPL', 2, 2, 2),
('0617', 'Merawan penak', 'Hopea mengarawan', 'MWPK', 2, 2, 2),
('0618', 'Merawan siput', 'Hopea sangal', 'MWSP', 2, 2, 2),
('0619', 'Merawan siput jantan', 'Hopea odorata', 'MWSJ', 2, 2, 2),
('0620', 'Merawan ungu', 'Hopea bracteata', 'MWUN', 2, 2, 2),
('0701', 'Gerutu', 'Parashorea spp.', 'GR', 2, 2, 1),
('0702', 'Gerutu gerutu', 'Parashorea stellata', 'GRGR', 2, 2, 1),
('0703', 'Gerutu pasir', 'Parashorea densiflora', 'GRPS', 2, 2, 1),
('0704', 'Gerutu pasir daun besar', 'Parashorea globosa', 'GRPD', 2, 2, 1),
('0801', 'Keruing (berminyak)', 'Dipterocarpus spp. (oily)', 'KRBM', 2, 3, 2),
('0802', 'Keruing bulu', 'Dipterocarpus baudii', 'KRBL', 2, 3, 2),
('0803', 'Keruing gombang', 'Dipterocarpus cornutus', 'KRGB', 2, 3, 2),
('0804', 'Keruing gondol', 'Dipterocarpus kerrii', 'KRGL', 2, 3, 2),
('0805', 'Keruing kertas', 'Dipterocarpus chartaceus', 'KRKS', 2, 3, 2),
('0806', 'Keruing merah', 'Dipterocarpus verrucosus', 'KRMR', 2, 3, 2),
('0807', 'Keruing sol', 'Dipterocarpus lowii', 'KRSL', 2, 3, 2),
('0808', 'Keruing ternek', 'Dipterocarpus palembanicus', 'KRTN', 2, 3, 2),
('0809', 'Keruing etoi', 'Dipterocarpus dyeri', 'KRET', 2, 3, 2),
('0810', 'Keruing mempelas', 'Dipterocarpus crinitus', 'KRMP', 2, 3, 2),
('0901', 'Keruing (tidak berminyak)', 'Dipterocarpus spp. (non-oily)', 'KRTB', 2, 3, 2),
('0902', 'Keruing baran', 'Dipterocarpus eurynchus', 'KRBR', 2, 3, 2),
('0903', 'Keruing beludu', 'Dipterocarpus obtusifolius', 'KRBD', 2, 3, 2),
('0904', 'Keruing belimbing', 'Dipterocarpus grandiflorus', 'KRBG', 2, 3, 2),
('0905', 'Keruing bukit', 'Dipterocarpus costatus', 'KRBK', 2, 3, 2),
('0906', 'Keruing cogan', 'Dipterocarpus rigidus', 'KRCG', 2, 3, 2),
('0907', 'Keruing gasing', 'Dipterocarpus caudatus', 'KRGS', 2, 3, 2),
('0908', 'Keruing gombang merah', 'Dipterocarpus kunstleri', 'KRGB', 2, 3, 2),
('0909', 'Keruing gunong', 'Dipterocarpus retusus', 'KRGN', 2, 3, 2),
('0910', 'Keruing kelabu', 'Dipterocarpus pseudofagineus', 'KRKU', 2, 3, 2),
('0911', 'Keruing kerut', 'Dipterocarpus sublamellatus', 'KRKR', 2, 3, 2),
('0912', 'Keruing kesat', 'Dipterocarpus gracilis', 'KRKS', 2, 3, 2),
('0913', 'Keruing kipas', 'Dipterocarpus costulatus', 'KRKP', 2, 3, 2),
('0914', 'Keruing latek', 'Dipterocarpus apterus', 'KRLK', 2, 3, 2),
('0915', 'Keruing mengkai', 'Dipterocarpus rotundifolius', 'KRMK', 2, 3, 2),
('0916', 'Keruing neram', 'Dipterocarpus oblongifolius', 'KRNR', 2, 3, 2),
('0917', 'Keruing padi', 'Dipterocarpus semivestitus', 'KRPD', 2, 3, 2),
('0918', 'Keruing paya', 'Dipterocarpus coriaseus', 'KRPY', 2, 3, 2),
('0919', 'Keruing perak', 'Dipterocarpus perakensis', 'KRPR', 2, 3, 2),
('0920', 'Keruing pipit', 'Dipterocarpus fagineus', 'KRPP', 2, 3, 2),
('0921', 'Keruing ropol', 'Dipterocarpus hasseltii', 'KRRP', 2, 3, 2),
('0922', 'Keruing Sarawak', 'Dipterocarpus sarawakensis', 'KRSW', 2, 3, 2),
('0923', 'Keruing sendok', 'Dipterocarpus concavus', 'KRSD', 2, 3, 2),
('1001', 'Kapur', 'Dryobalanops aromatica', 'KPR', 2, 3, 2),
('1002', 'Keladan', 'Dryobalanops oblongifolia', 'KLN', 2, 3, 2),
('1101', 'Balau', 'Shorea spp. (balau group)', 'BL', 2, 4, 3),
('1102', 'Balau bukit', 'Shorea foxworthyi', 'BLBT', 2, 4, 3),
('1103', 'Balau gajah', 'Shorea submontana', 'BLGJ', 2, 4, 3),
('1104', 'Balau gunong', 'Shorea astylosa', 'BLGN', 2, 4, 3),
('1105', 'Balau hitam', 'Shorea atrinervosa', 'BLHT', 2, 4, 3),
('1106', 'Balau kumus', 'Shorea leavis', 'BLKS', 2, 4, 3),
('1107', 'Balau kumus hitam', 'Shorea maxwelliana', 'BLKH', 2, 4, 3),
('1108', 'Balau kuning', 'Shorea falcifera', 'BLKN', 2, 4, 3),
('1109', 'Balau laut', 'Shorea glauca', 'BLLT', 2, 4, 3),
('1110', 'Balau laut merah', 'Shorea kunstleri', 'BLLM', 2, 4, 3),
('1111', 'Balau membatu', 'Shorea guiso', 'BLMB', 2, 4, 3),
('1112', 'Balau membatu jantan', 'Shorea ochrophloia', 'BLMJ', 2, 4, 3),
('1113', 'Balau merah', 'Shorea collina', 'BLMH', 2, 4, 3),
('1114', 'Balau pasir', 'Shorea materialis', 'BLPS', 2, 4, 3),
('1115', 'Balau putih', 'Shorea lumutensis', 'BLPT', 2, 4, NULL),
('1116', 'Balau sengkawang ayer', 'Shorea sumatrana', 'BLSA', 2, 4, 3),
('1117', 'Balau sengkawang darat', 'Shorea skrobikulata', 'BLSD', 2, 4, 3),
('1118', 'Balau tembaga', 'Shorea exelliptica', 'BLTB', 2, 4, 3),
('1201', 'Chengal', 'Neobalanocarpus heimii', 'CGL', 2, 4, 3),
('1301', 'Giam', 'Hopea nutans (giam)', 'GMNT', 2, 4, 3),
('1302', 'Giam bayan', 'Hopea pachycarpa', 'GMBY', 2, 4, 3),
('1303', 'Giam hantu', 'Hopea coriacea', 'GMHT', 2, 4, 3),
('1304', 'Giam jantan', 'Hopea semicuneata', 'GMJT', 2, 4, 3),
('1305', 'Giam kanching', 'Hopea subalata', 'GMKC', 2, 4, 3),
('1306', 'Giam lintah bukit', 'Hopea helferi', 'GMLB', 2, 4, 3),
('1307', 'Giam malut', 'Hopea ferrea', 'GMML', 2, 4, 3),
('1308', 'Giam melukut', 'Hopea apiculata', 'GMMK', 2, 4, 3),
('1309', 'Giam palong', 'Hopea pierrei', 'GMPL', 2, 4, 2),
('1310', 'Giam rambai', 'Hopea polyalyhioides', 'GMRB', 2, 4, 3),
('1401', 'Resak', 'Cotylelobium spp. & Vatica spp.', 'RK', 2, 4, 3),
('1402', 'Resak bukit', 'Cotylelobium malayanum', 'RSBK', 2, 4, 3),
('1403', 'Resak tempurong', 'Cotylelobium melanoxylon', 'RSTR', 2, 4, 3),
('1404', 'Resak buah kana', 'Vatica ridleyana', 'RSBA', 2, 4, 3),
('1405', 'Resak daun panjang', 'Vatica nitens', 'RSDP', 2, 4, 3),
('1406', 'Resak daun runcing', 'Vatica cuspidata', 'RSDR', 2, 4, 3),
('1407', 'Resak degong', 'Vatica havilandii', 'RSDG', 2, 4, 3),
('1408', 'Resak gajah', 'Vatica sp. ''A''', 'RSGJ', 2, 4, 3),
('1409', 'Resak gunong', 'Vatica heteroptera', 'RSGN', 2, 4, 3),
('1410', 'Resak julong', 'Vatica mangacapoi', 'RSJL', 2, 4, 3),
('1411', 'Resak kecil', 'Vatica palida', 'RSKC', 2, 4, 3),
('1412', 'Resak keluang', 'Vatica bella', 'RSKL', 2, 4, 3),
('1413', 'Resak langgong', 'Vatica scotechinii', 'RSLG', 2, 4, 3),
('1414', 'Resal laru', 'Vatica pauciflora', 'RSLR', 2, 4, 3),
('1415', 'Resak laut', 'Vatica cinerea', 'RSLT', 2, 4, 3),
('1416', 'Resak letop', 'Vatica venulosa', 'RSLP', 2, 4, 3),
('1417', 'Resak lidi', 'Vatica maingayi', 'RSLD', 2, 4, 3),
('1418', 'Resak mempening', 'Vatica stapfiana', 'RSMN', 2, 4, 3),
('1419', 'Resak padi', 'Vatica flavida', 'RSPD', 2, 4, 3),
('1420', 'Resak paya', 'Vatica lobata', 'RSPY', 2, 4, 3),
('1421', 'Resak pipit', 'Vatica lowii', 'RSPP', 2, 4, 3),
('1422', 'Resak putih', 'Vatica perakensis', 'RSPT', 2, 4, 3),
('1423', 'Resak ranting kesat', 'Vatica odorata', 'RSRK', 2, 4, 3),
('1501', 'Ara/ara kelepong', 'Ficus spp.', NULL, 3, 8, 1),
('1601', 'Ara berteh', 'Paratorcarpus spp.', 'AB', 3, 8, 1),
('1602', 'Ara berteh bukit', 'Paratorcarpus bracteatus', 'ARBB', 3, 8, 1),
('1603', 'Ara berteh paya', 'Paratorcarpus venenosus', 'ARBP', 3, 8, 1),
('1701', 'Bengang', 'Nessia spp.', 'BNG', 3, 5, 1),
('1801', 'Berangan', 'Castanopsis spp.', 'BRG', 3, 8, 1),
('1901', 'Bintangor', 'Calophyllum spp.', 'BN', 3, 5, 1),
('1902', 'Bintangor batu', 'Calophyllum inophylloide', 'BNBT', 3, 5, 1),
('1903', 'Bintangor bukit', 'Calophyllum synmingtonianum', 'BNBK', 3, 5, 1),
('1904', 'Bintangor bunga', 'Calophyllum curtisii', 'BNBN', 3, 5, 1),
('1905', 'Bintangor bunut', 'Calophyllum macrocarpum', 'BNBU', 3, 5, 1),
('1906', 'Bintangor daun karat', 'Calophyllum rubiginosum', 'BNDK', 3, 5, 1),
('1907', 'Bintangor daun panjang', 'Calophyllum incrassatum', 'BNDP', 3, 5, 1),
('1908', 'Bintangor gambut', 'Calophyllum retusum', 'BNGB', 3, 5, 1),
('1909', 'Bintangor gasing', 'Calophyllum pucherrimum', 'BNGS', 3, 5, 1),
('1910', 'Bintangor gunong daun besar', 'Calophyllum coriaceum', 'BNG1', 3, 5, 1),
('1911', 'Bintangor gunong daun kecil', 'Calophyllum cuneatum', 'BNG2', 3, 5, 1),
('1912', 'Bintangor jangkang', 'Calophyllum sclerophyllum', 'BNJK', 3, 5, 1),
('1913', 'Bintangor kelim', 'Calophyllum scriblitifolium', 'BNKL', 3, 5, 1),
('1914', 'Bintangor kuning', 'Calophyllum floribundum', 'BNKN', 3, 5, 1),
('1915', 'Bintangor laut', 'Calophyllum inophyllum', 'BNLT', 3, 5, 1),
('1916', 'Bintangor lekok', 'Calophyllum depressinervosum', 'BNLK', 3, 5, 1),
('1917', 'Bintangor lilin', 'Calophyllum wallichianum', 'BNLL', 3, 5, 1),
('1918', 'Bintangor merah', 'Calophyllum canum', 'BNMR', 3, 5, 1),
('1919', 'Bintangor putih', 'Calophyllum alboramulum', 'BNPT', 3, 5, 1),
('2001', 'Bitis', 'Palaquium spp. (maduca utilis)', 'BT', 3, 7, 3),
('2002', 'Bitis bitis', 'Palaquium spp.', 'BBT', 3, 7, 3),
('2003', 'Bitis bukit', 'Palaquium stellatum', 'BTBK', 3, 7, 3),
('2004', 'Bitis paya', 'Palaquium ridleyi', 'BTPY', 3, 7, 3),
('2101', 'Damar minyak', 'Agathis borneensis', 'DMY', 3, 9, 4),
('2201', 'Dedali', 'Strombosis jawanica', 'DDI', 3, 8, 1),
('2202', 'Kemap', 'Strombosia @ maingayi', 'KMP', 3, 8, 1),
('2301', 'Durian', 'Durio spp.', 'DR', 3, 5, 1),
('2302', 'Durian batang', 'Durio malaccensis', 'DRBT', 3, 5, 1),
('2303', 'Durian beludu', 'Durio oxleyanus', 'DRBD', 3, 5, 1),
('2304', 'Durian bujor', 'Durio singaporensis', 'DRBJ', 3, 5, 1),
('2305', 'Durian daun', 'Durio lowianus', 'DRDN', 3, 5, 1),
('2306', 'Durian daun besar', 'Durio macrophyllus', 'DRDB', 3, 5, 1),
('2307', 'Durian daun tajam', 'Durio pinangianus', 'DRDT', 3, 5, 1),
('2308', 'Durian ijau laut', 'Durio wiatt-smithii', 'DRIL', 3, 5, 1),
('2309', 'Durian kampong', 'Durio zibethinus', 'DRKP', 3, 5, 1),
('2310', 'Durian merah', 'Durio graveolens', 'DRMR', 3, 5, 1),
('2311', 'Durian paya', 'Durio carinatus', 'DRPY', 3, 5, 1),
('2312', 'Durian tupai', 'Durio griffithii', 'DRTP', 3, 5, 1),
('2401', 'Ekor', 'Dacrydium spp.', 'EKOR', 3, 9, 4),
('2501', 'Geronggang', 'Cratoxylum spp.', 'GG', 3, 5, 2),
('2502', 'Geronggang derum', 'Cratoxylum formosum', 'GGDR', 3, 5, 2),
('2503', 'Geronggang derum bukit', 'Cratoxylum maingayi', 'GGDB', 3, 5, 2),
('2504', 'Geronggang derum seluncor', 'Cratoxylum cochinchinense', 'GGDS', 3, 5, 2),
('2505', 'Geronggang geronggang', 'Cratoxylum arborescens', 'GGGG', 3, 5, 1),
('2601', 'Jangkang', 'Xylopia spp.', 'JK', 3, 5, 1),
('2602', 'Jangkang bukit', 'Xylopia ferruginea', 'JKBK', 3, 5, 1),
('2603', 'Jangkang paya', 'Xylopia fusca', 'JKPY', 3, 5, 1),
('2701', 'Jelawai', 'Terminalia spp.', 'JW', 3, 8, 1),
('2702', 'Jelawai jaha', 'Terminalia subspathulata', 'JWJH', 3, 8, 1),
('2703', 'Jelawai ketapang', 'Terminalia catappa', 'JWKP', 3, 8, 1),
('2704', 'Jelawai mempelam babi', 'Terminalia phellocarpa', 'JWMB', 3, 8, 1),
('2705', 'Jelawai mentalun', 'Terminalia clamansanai', 'JWML', 3, 8, 2),
('2801', 'Jelutong', 'Dyera costulata', 'JLG', 3, 5, 1),
('2901', 'Kasah', 'Pterygota horsfieldil', 'KSH', 3, 8, 1),
('3001', 'Kasai', 'Pometia spp.', 'KI', 3, 8, 2),
('3002', 'Kasai daun besar', 'Pometia pinnata', 'KIDB', 3, 8, 2),
('3003', 'Kasai daun kecil', 'Pometia pinnata alnifolia', 'KIDK', 3, 8, 2),
('3004', 'Kasai daun licin', 'Pometia ridleyi', 'KIDL', 3, 8, 2),
('3101', 'Kayu arang, meribut, tuba buah', 'Diospyros spp.', 'KYA', 3, 8, 2),
('3201', 'Kedondong', 'Family of burseraceae', 'KD', 3, 5, 1),
('3202', 'Kedondong bulan', 'Canarium littorale', 'KDBL', 3, 5, 1),
('3203', 'Kedondong bulan bulu', 'Canarium littorale tomentosum', 'KDBB', 3, 5, 1),
('3204', 'Kedondong gergaji', 'Canarium littorale forma refum', 'KDGJ', 3, 5, 1),
('3205', 'Kedondong kemasul', 'Canarium apertum', 'KDKS', 3, 5, 1),
('3206', 'Kedondong keruing', 'Canarium megalanthum', 'KDKR', 3, 5, 1),
('3207', 'Kedondong putih', 'Canarium littorale forma purpurascens', 'KDPT', 3, 5, 1),
('3208', 'Kedondong senggeh', 'Canarium pseudosumatranum', 'KDSG', 3, 5, 1),
('3209', 'Kedondong kerut', 'Dacryodes rostrata', 'KDKE', 3, 5, 1),
('3210', 'Kedondong matahari', 'Dacryodes rugosa', 'KDMH', 3, 5, 1),
('3211', 'Kedondong mempelas', 'Dacryodes puberula', 'KDMP', 3, 5, 1),
('3212', 'Kedondong serong', 'Dacryodes puberula', 'KDSR', 3, 5, 1),
('3213', 'Kedondong kerantai', 'Santiria spp.', 'KDKT', 3, 5, 1),
('3214', 'Kedondong kerantai bulu', 'Santiria tomentosa', 'KDKB', 3, 5, 1),
('3215', 'Kedondong kerantai licin', 'Santiria laevigata', 'KDKL', 3, 5, 1),
('3216', 'Kedondong sengkuang', 'Scutinanthe brunnea', 'KDSK', 3, 5, 1),
('3217', 'Kedondong kijai', 'Triomma malaccensis', 'KDKJ', 3, 5, 1),
('3301', 'Kekabu hutan', 'Bombax valetonii', 'KKH', 3, 8, 1),
('3401', 'Kekatong', 'Cynometra spp.', 'KT', 3, 7, 3),
('3402', 'Kekatong kekatong', 'Cynometra malaccensis', 'KTKT', 3, 7, 3),
('3403', 'Kekatong laut', 'Cynometra iripa', 'KTLT', 3, 7, 3),
('3501', 'Kelat', 'Eugenia spp.', 'KLT', 3, 8, 2),
('3502', 'Kelat gelam', 'Eugenia cerina', 'KLGL', 3, 8, 2),
('3503', 'Kelat jambu laut', 'Eugenia grandis', 'KLJL', 3, 8, 2),
('3504', 'Kelat merah', 'Eugenia chorantha', 'KLMR', 3, 8, 2),
('3505', 'Kelat paya', 'Eugenia papillosa', 'KLPY', 3, 8, 2),
('3601', 'Keledang', 'Artocarpus spp.', 'KL', 3, 6, 2),
('3602', 'Keledang babi', 'Artocarpus anisophyllus', 'KGBB', 3, 6, 2),
('3603', 'Keledang bangkong', 'Artocarpus sivestris', 'KGBA', 3, 6, 2),
('3604', 'Keledang keledang', 'Artocarpus lanceifolius', 'KGKG', 3, 6, 2),
('3605', 'Keledang tampang', 'Artocarpus nitidus', 'KGTP', 3, 6, 2),
('3606', 'Keledang tampang bulu', 'Artocarpus dadah', 'KGTB', 3, 6, 2),
('3607', 'Keledang tampang gajah', 'Artocarpus fulvicortex', 'KGTG', 3, 6, 2),
('3608', 'Keledang tampang hitam', 'Artocarpus gomezianus', 'KGTH', 3, 6, 2),
('3609', 'Keledang temponek', 'Artocarpus rigidus', 'KGTN', 3, 6, 2),
('3610', 'Miku', 'Artocarpus lowii', 'MKU', 3, 6, 1),
('3611', 'Nangka', 'Artocarpus heterophyllus', 'NNA', 3, 6, 2),
('3612', 'Pudu', 'Artocarpus kemando', NULL, 3, 6, 2),
('3613', 'Cempedak', 'Artocarpus integer', 'CHPD', 3, 6, 2),
('3614', 'Sukun', 'Artocarpus communis', 'SKN', 3, 6, 1),
('3701', 'Kelampaian', 'Anthocephalum chinensis', 'KPY', 3, 8, 1),
('3801', 'Kembang semangkok', 'Scaphium spp.', 'KS/KSK', 3, 5, 1),
('3802', 'Kembang semangkok bulat', 'Scaphium linearicarpum', 'KSBL', 3, 5, 1),
('3803', 'Kembang semangkok jantong', 'Scaphium macropodum', 'KSJT', 3, 5, 1),
('3901', 'Kempas', 'Koompassia malaccensis', 'KPS', 3, 6, 2),
('3902', 'Tualang', 'Koompassia excelsa', 'TLG', 3, 6, 2),
('4001', 'Keranji', 'Dialium spp.', 'KJ', 3, 7, 3),
('4002', 'Keranji bulu', 'Dialium kingii', 'KJBL', 3, 7, 2),
('4003', 'Keranji kuning besar', 'Dialium platysepalum', 'KJKB', 3, 7, 3),
('4004', 'Keranji kuning kecil', 'Dialium wallichi', 'KJKK', 3, 7, 3),
('4005', 'Keranji paya', 'Dialium patens', 'KJPY', 3, 7, 3),
('4006', 'Keranji tebal besar', 'Dialium laurinum', 'KJTB', 3, 7, 3),
('4007', 'Keranji tebal kecil', 'Dialium maingayi', 'KJTK', 3, 7, 2),
('4008', 'Keranji tunggal', 'Dialium procerum', 'KJTG', 3, 7, 3),
('4101', 'Keredas', 'Pithecellobium bubalinum', 'KDS', 3, 5, 1),
('4102', 'Kungkur', 'Pithecellobium', 'KNR', 3, 5, 1),
('4201', 'Kulim', 'Scorodorcarpus borneensis', 'KLM', 3, 8, 2),
('4301', 'Leban', 'Vitex spp.', 'LBN', 3, 8, 3),
('4401', 'Ludai', 'Sapium baccatum', 'LDI', 3, 8, 1),
('4501', 'Machang', 'Mangifera spp.', 'MCG', 3, 5, 1),
('4502', 'Lanjut', 'Mangifera lagenifera', 'LJP', 3, 5, 1),
('4503', 'Machang machang', 'Mangifera longipes', 'MCMC', 3, 5, 1),
('4504', 'Mangga', 'Mangifera indica', 'MGA', 3, 5, 1),
('4505', 'Rawa', 'Mangifera microphylla', 'RAWA', 3, 5, 1),
('4601', 'Mahang', 'Mahang', 'MH', 3, 8, 2),
('4701', 'Mata ulat', 'Kokoona spp.', 'MU', 3, NULL, 2),
('4801', 'Medang', 'Family of luraceae', 'MD', 3, 8, 1),
('4802', 'Medang payong', 'Actinodaphne maingayi', 'MDPY', 3, 8, 1),
('4803', 'Medang kemangi', 'Cinnamomum porrectum', 'MDKG', 3, 8, 1),
('4804', 'Medang teja', 'Cinnamomum javanicum', 'MDTJ', 3, 8, 1),
('4901', 'Melunak', 'Pentace spp.', 'ML', 3, 8, 1),
('4902', 'Melunak bukit', 'Pentace curtisii', 'MLBK', 3, 8, 1),
('4903', 'Melunak pusat beludu', 'Pentace triptera', 'MLPB', 3, 8, 1),
('5001', 'Mempening', 'Lithocarpus spp.', 'MPN', 3, 8, 2),
('5101', 'Mempisang', 'Pelbagai', 'MPS', 3, 5, 1),
('5201', 'Mengkulang', 'Heritiera spp.', 'MK', 3, 6, 2),
('5202', 'Mengkulang jari', 'Heritiera javanica', 'MKJR', 3, 6, 2),
('5203', 'Mengkulang jari bulu', 'Heritiera sumatrana', 'MKJB', 3, 6, 2),
('5204', 'Mengkulang siku keluang', 'Heritiera simplicifolia', 'MKSK', 3, 6, 2),
('5301', 'Mengkundur', 'Tetrameles nudiflora', 'MGKU', 3, 8, 1),
('5401', 'Merbatu', 'Family of atuna', 'MB', 3, 8, 2),
('5402', 'Merbatu pipit', 'Parinari costata', 'MPBB', 3, 8, 2),
('5501', 'Merbau', 'Instia palembanica', 'MBU', 3, 7, 3),
('5601', 'Merpauh', 'Swintonia spp.', 'MP', 3, 8, 2),
('5602', 'Merpauh daun runcing', 'Swintonia penangiana', 'MPDR', 3, 8, 2),
('5603', 'Merpauh daun tebal', 'Swintonia spcifer', 'MPDT', 3, 8, 1),
('5604', 'Merpauh periang', 'Swintonia schwenkii', 'MPPR', 3, 8, 2),
('5701', 'Minyak berok', 'Xanthophyllum spp.', 'MYB', 3, 8, 2),
('5801', 'Nyatoh', 'Palaquium spp.', 'NY', 3, 5, 1),
('5802', 'Nyatoh ketiau', 'Ganua motleyana', 'NYK', 3, 5, 1),
('5803', 'Nyatoh gunong', 'Palaquium reginamontium', 'NYGN', 3, 5, 1),
('5805', 'Nyatoh kabu', 'Palaquium xanthochymum', 'NYKB', 3, 5, 1),
('5806', 'Nyatoh mayang', 'Palaquium sukoei', 'NYMG', 3, 5, 1),
('5807', 'Nyatoh pipit', 'Palaquium microphyllum', 'NYP', 3, 5, 1),
('5808', 'Nyatoh putih', 'Palaquium abovatum', 'NYPT', 3, 5, 1),
('5809', 'Nyatoh semaram', 'Palaquium semaram', 'NYSM', 3, 5, 1),
('5810', 'Nyatoh sidang', 'Palaquium rostratum', 'NYSG', 3, 5, 1),
('5811', 'Nyatoh surin', 'Palaquium impressinervium', 'NYSN', 3, 5, 1),
('5812', 'Nyatoh taban merah, taban', 'Palaquium gutta', 'NYTM', 3, 5, 1),
('5813', 'Nyatoh taban putih', 'Palaquium oxleyanum', 'NYTP', 3, 5, 1),
('5814', 'Nyatoh tembaga', 'Palaquium maingayi', 'NYT', 3, 5, 1),
('5815', 'Nyatoh tembaga kuning', 'Palaquium hispidum', 'NYTK', 3, 5, 1),
('5817', 'Nyatoh ekor', 'Payena lanceolata', 'NYE', 3, 5, 1),
('5818', 'Nyatoh sundek', 'Payena obscura', 'NYS', 3, 5, 1),
('5819', 'Nyatoh nangka kuning', 'Pouteria malaccensis', 'NYNK', 3, 5, 1),
('5820', 'Nyatoh nangka merah', 'Planchonella maingayi', 'NYNM', 3, 5, 1),
('5901', 'Pauh kijang', 'Irvingia malayana', 'PHK', 3, 8, 2),
('6001', 'Pelong', 'Pestaspadon spp.', 'PL', 3, 5, 1),
('6002', 'Pelong beludu', 'Pestaspadon velutinus', 'PLB', 3, 5, 1),
('6003', 'Pelong licin', 'Pestaspadon motleyi', 'PLL', 3, 5, 1),
('6101', 'Penaga', 'Mesua ferrea', 'PNG', 3, 8, 3),
('6201', 'Penarahan', 'Family of myristicaceae', 'PH', 3, 8, 1),
('6301', 'Penarahan arang', 'Myristica cinnamomea', 'PHA', 3, 8, 1),
('6302', 'Penarahan arang ayer', 'Myristica elliptica', 'PHAA', 3, 8, 1),
('6303', 'Penarahan arang bukit', 'Myristica maingayi', 'PHAB', 3, 8, 1),
('6304', 'Penarahan arang gambut', 'Myristica lowiana', 'PHAG', 3, 8, 1),
('6401', 'Perah', 'Elateriospermum tapos', 'PERAH', 3, 8, 2),
('6501', 'Perah ikan', 'Pimeleodendron griffithianum', 'PHI', 3, 8, 2),
('6601', 'Perupok', 'Lophopetalum spp.', 'PR', 3, 8, 2),
('6701', 'Petai', 'Parkia spp.', 'PT', 3, 8, 1),
('6702', 'Petai kerayong', 'Parkia javanica', 'PTK', 3, 8, 1),
('6703', 'Petai meranti', 'Parkia singularis', 'PTM', 3, 8, 1),
('6704', 'Petai petai', 'Parkia speciosa', 'PTPT', 3, 8, 1),
('6801', 'Petaling', 'Ochanostchys amentacea', 'PTG', 3, 8, 2),
('6901', 'Podo', 'Podocarpus spp.', 'PD', 3, 9, 4),
('6902', 'Podo bukit', 'Podocarpus neriifolius', 'PDB', 3, 9, 4),
('6903', 'Podo cucor atap', 'Podocarpus imbricatus', 'PDCA', 3, 9, 4),
('6904', 'Podo kebal musang', 'Podocarpus motleyi', 'PDKM', 3, 9, 4),
('6905', 'Podo kebal musang gunong', 'Podocarpus wallicianus', 'PDKMG', 3, 9, 1),
('6906', 'Podo laut', 'Podocarpus polystachyus', 'PDL', 3, 9, 4),
('6910', 'Tinjau belukar', 'Tinjau belukar', 'TB', 3, 8, 4),
('6911', 'Merlimau', 'Merlimau', 'MLM', 3, 8, 4),
('6912', 'Mengkudu hutan', 'Mengkudu hutan', 'MGH', 3, NULL, 1),
('6913', 'Raja dewa', 'Raja dewa', 'RD', 3, NULL, 1),
('6914', 'Lidah kerbau', 'Lidah kerbau', 'LK', 3, NULL, 1),
('6915', 'Tongkat ali', 'Tongkat ali', 'TA', 3, 8, 4),
('6916', 'Kemudu', 'Kemudu', 'KMD', 3, NULL, 1),
('7001', 'Pulai', 'Alstonia spp.', 'PU', 3, 8, 1),
('7002', 'Pulai basong', 'Alstonia spatulata', 'PUB', 3, 8, 1),
('7003', 'Pulai penipu bukit', 'Alstonia macrophylla', 'PUPB', 3, 8, 1),
('7005', 'Pulai pulai', 'Alstonia angustiloba', 'PUPU', 3, 8, 1),
('7101', 'Punah', 'Tetramerista glabra', 'PNH', 3, 6, 2),
('7201', 'Punggai', 'Ceolostegia griffithii', 'PG', 3, 5, 1),
('7202', 'Punggai daun besar', 'Ceolostegia borneensis', 'PGDB', 3, 5, 1),
('7301', 'Rambutan', 'Sapindaceae', 'RMBTN', 3, 8, 2),
('7302', 'Rambutan hutan', 'Nephelium lappaceum', 'RMBTNH', 3, 8, 2),
('7303', 'Lotong', 'Nephelium eriopetalum', 'LTG', 3, 8, 2),
('7304', 'Redan', 'Nephelium glabrum', 'REDAN', 3, 8, 1),
('7305', 'Pulasan', 'Nephelium spp.', 'PLSN', 3, 8, 1),
('7306', 'Rambutan pacat, kikir buntal', 'Xerospermum spp.', 'RTPC', 3, 8, 2),
('7401', 'Ramin', 'Gonystylus spp.', 'RM', 3, 5, 1),
('7403', 'Ramin daun tebal', 'Gonystylus brunnescens', 'RMDT', 3, 5, 1),
('7404', 'Ramin melawis', 'Gonystylus bancanus', 'RMMW', 3, 5, 1),
('7405', 'Ramin pinang muda', 'Gonystylus confusus', 'RMPM', 3, 5, 1),
('7406', 'Ramin pipit', 'Gonystylus maingayi', 'RMP', 3, 5, 1),
('7501', 'Rengas', 'Family of anasurveyCardiaceaae', 'RNG', 3, 8, 2),
('7502', 'Rengas ayer', 'Gluta elegans', 'RNGA', 3, 8, 2),
('7503', 'Rengas kerbau jalang', 'Gluta aptera', 'RNGKJ', 3, 8, 2),
('7504', 'Rengas padi', 'Melanochyla auriculata', 'RNGP', 3, 8, 2),
('7601', 'Sengkuang', 'Dracontomelon dao', 'SKG', 3, 8, 1),
('7701', 'Sentang', 'Azadirachta excelsa', 'STNG', 3, 8, 1),
('7801', 'Sentul', 'Sandoricum koetjape', 'SENTUL', 3, 8, 1),
('7901', 'Sepetir', 'Sindora spp.', 'SP', 3, 5, 1),
('7902', 'Sepetir beludu besar', 'Sindora velutina', 'SPTBB', 3, 5, 1),
('7903', 'Sepetir daun nipis', 'Sindora echinocalyx', 'SPTDN', 3, 5, 1),
('7904', 'Sepetir daun tebal', 'Sindora wallichii', 'SPTL', 3, 5, 1),
('7905', 'Sepetir licin', 'Sindora ceriacea', 'SPLN', 3, 5, 1),
('7906', 'Sepetir mempelas', 'Sindora siamensis', 'SPTM', 3, 5, 1),
('8001', 'Sesenduk', 'Endospermum malaccense', 'SSK', 3, 5, 1),
('8101', 'Simpoh', 'Dillenia spp.', 'SM', 3, 6, 2),
('8102', 'Simpoh ayer', 'Dillenia suffruticosa', 'SMA', 3, 6, 2),
('8103', 'Simpoh beludu', 'Dillenia ovata', 'SMB', 3, 6, 2),
('8104', 'Simpoh daun merah', 'Dillenia grandifolia', 'SMDM', 3, 6, 2),
('8105', 'Simpoh gajah', 'Dillenia reticulata', 'SMG', 3, 6, 2),
('8106', 'Simpoh padang', 'Dillenia obovata', 'SMPD', 3, 6, 2),
('8107', 'Simpoh paya', 'Dillenia pulchella', 'SMPY', 3, 6, 2),
('8108', 'Simpoh putih', 'Dillenia albiflos', 'SMP', 3, 6, 2),
('8109', 'Simpoh ungu', 'Dillenia excelsa', 'SMU', 3, 6, 2),
('8201', 'Surian', 'Cedrela/Toona spp.', 'SR', 3, 8, 1),
('8202', 'Surian batu', 'Chukrassia tabularis', 'SRBT', 3, 8, 1),
('8203', 'Surian bawang', 'Cedrela serrata', 'SRBG', 3, 8, 1),
('8204', 'Surian wangi', 'Cedrela sureni', 'SRW', 3, 8, 1),
('8301', 'Tembusu', 'Fagraea spp.', 'TB', 3, 8, 3),
('8302', 'Tembusu hutan', 'Fagraea gigantea', 'TBHT', 3, 8, 3),
('8303', 'Tembusu padang', 'Fagraea fragrans', 'TBPD', 3, 8, 3),
('8304', 'Mata dacing', 'Mata dacing', 'MD', 3, NULL, 1),
('8305', 'Sepulih', 'Sepulih', 'SEPU', 3, NULL, 1),
('8401', 'Terap', 'Family of moraceae', 'TP', 3, 8, 1),
('8402', 'Terap hitam', 'Artocarpus gigantea', 'TPHT', 3, 8, 1),
('8403', 'Terap nasi', 'Artocarpus elasticus', 'TPNS', 3, 8, 1),
('8404', 'Delek', 'Delek', 'DELEK', 3, NULL, 1),
('8501', 'Terentang', 'Campnosperma spp.', 'TR', 3, 5, 1),
('8502', 'Terentang daun besar', 'Campnosperma auriculatum', 'TRDB', 3, 5, 1),
('8503', 'Terentang daun kecil', 'Campnosperma squamatum', 'TRDK', 3, 5, 1),
('8504', 'Terentang simpoh', 'Campnosperma coriaceum', 'TRSP', 3, 5, 1),
('8605', 'Aji samat', 'Aji samat', 'AJI SAMAT', 3, NULL, 1),
('8610', 'Pepijat', 'Pepijat', 'PPJT', 3, NULL, 1),
('8651', 'Batai', 'Batai', 'BATAI', 3, NULL, 1),
('8652', 'Bayor', 'Bayor', 'BYOR', 3, 8, 4),
('8654', 'Bekak', 'Aglaia spp.', 'BKK', 3, 8, 4),
('8655', 'Bekoi', 'Bekoi', 'BEKOI', 3, NULL, 1),
('8656', 'Berembang', 'Berembang', 'BR', 3, NULL, 1),
('8657', 'Bungor', 'Bungor', 'BGOR', 3, NULL, 1),
('8658', 'Kangsar', 'Kangsar', 'KSH', 3, NULL, 1),
('8701', 'Chempaka', 'Chempaka', 'CHMPK', 3, NULL, 1),
('8952', 'Hampas tebu', 'Hampas tebu', 'HT', 3, 8, 4),
('9101', 'Kandis', 'Kandis', 'KANDIS', 3, 8, 4),
('9102', 'Karas', 'Karas', 'KRS', 3, 8, 4),
('9103', 'Kelumpang', 'Sterculia parviflora', 'KMPG', 3, NULL, 1),
('9104', 'Kundang Rumania', 'Kundang Rumania', 'KUDG', 3, NULL, 2),
('9107', 'Kubin', 'Kubin', 'KBM', 3, 8, 4),
('9202', 'Mati anak', 'Mati anak', 'MA', 3, NULL, 1),
('9203', 'Melembu', 'Melembu', 'MLB', 3, 2, 1),
('9204', 'Meraga', 'Meraga', 'MRG', 3, 8, 4),
('9205', 'Merangsi', 'Merangsi', 'MRS', 3, 8, 4),
('9206', 'Mertas', 'Mertas', 'MRTS', 3, 8, 4),
('9207', 'Membuluh', 'Membuluh', 'MBH', 3, 8, 4),
('9208', 'Meribut', 'Meribut', 'MRBT', 3, 8, 4),
('9210', 'Kemenyan', 'Kemenyan', 'KEMY', 3, 8, 4),
('9211', 'Mendung', 'Mendung', 'MDG', 3, 8, 4),
('9251', 'Nipis kulit', 'Nipis kulit', 'NPK', 3, 8, 4),
('9352', 'Pelawan', 'Pelawan', 'PLWN', 3, NULL, 3),
('9354', 'Putat', 'Barringtonia spp.', 'PUTAT', 3, 8, 4),
('9504', 'Setumpol', 'Setumpol', 'STP', 3, NULL, 3),
('9505', 'Saga', 'Saga', 'SGA', 3, 8, 4),
('9506', 'Sena', 'Sena', 'SENA', 3, NULL, 1),
('9511', 'Otak udang', 'Otak udang', 'OU', 3, NULL, 2),
('9512', 'Bebusok', 'Bebusok', 'BBSK', 3, NULL, 1),
('9513', 'Tampoi/rambai hutan', 'Baccaurea maingayi @ sumatrana', 'TAMPOI', 3, NULL, 2),
('9514', 'Ipoh', 'Ipoh', 'IPOH', 3, NULL, 1),
('9551', 'Tempinis', 'Tempinis', 'TMPNS', 3, 8, 4),
('9552', 'Tulang daing', 'Tulang daing', 'TD', 3, 8, 4),
('9902', 'Jati', 'Jati', 'JATI', 3, NULL, 2),
('9904', 'Antoi', 'Antoi', 'ATOI', 3, NULL, 1),
('9905', 'Menjitan', 'Menjitan', 'MJTN', 3, NULL, 1),
('9906', 'Gerok', 'Gerok', 'GRK', 3, NULL, 1),
('9907', 'Derum', 'Derum', 'DERUM', 3, NULL, 1),
('9908', 'Buey', 'Buey', 'BUEY', 3, NULL, 3),
('9909', 'Bakau', 'Bakau', 'BAKAU', 3, NULL, 3),
('9910', 'Api-api', 'Api-api', 'AP', 3, NULL, 3),
('9911', 'Kayu getah', 'Kayu getah', 'KYG', 3, NULL, 1),
('9912', 'Arau caria', 'Arau caria', 'ARC', 3, NULL, 1),
('9914', 'Ajal', 'Ajal', 'AJAL', 3, NULL, 1),
('9916', 'Gapis', 'Gapis', 'GAPIS', 3, 8, 4),
('9917', 'Inggir burung', 'Inggir burung', 'INGB', 3, NULL, 1),
('9918', 'Jejulong', 'Jejulong', 'JJL', 3, NULL, 1),
('9919', 'Sial menahun', 'Sial menahun', 'SM', 3, 8, 4),
('9920', 'Hujan panas', 'Hujan panas', 'HP', 3, NULL, 1),
('9921', 'Sungai pelepah', 'Sungai pelepah', 'SP', 3, NULL, 1),
('9922', 'Ginseng', 'Ginseng', 'GINSENG', 1, NULL, 1),
('9999', 'Akasia', 'Akasia', 'AKASIA', 3, 8, 1),
('9999', 'Asam gelugor', 'Garcinia artoviridid', 'AG', 3, NULL, 1),
('9999', 'Balik angin', 'Balik angin', 'BA', 3, 8, 4),
('9999', 'Basong', 'Knema / Myristyca spp.', 'BASONG', 3, NULL, 1),
('9999', 'Bedil lalat', 'Bedil lalat', 'BL', 3, 8, 4),
('9999', 'Dukung anak', 'Dukung anak', 'DKGAN', 3, 8, 4),
('9999', 'Jering', 'Archidendron jiringa', 'JERING', 3, NULL, 1),
('9999', 'Kelumpang jari', 'Sterculia foetida', 'KLGJ', 3, NULL, 1),
('9999', 'Kemuning', 'Kemuning', 'KMNG', 3, 8, 1),
('9999', 'Kenanga hutan', 'Kenanga hutan', 'KNGH', 3, NULL, 1),
('9999', 'Kernam', 'Kernam', 'KERNAM', 3, 8, 4),
('9999', 'Kundang hutan', 'Bouea macrophyla', 'KNDG', 3, NULL, 2),
('9999', 'Lupa dahan', 'Lupa dahan', 'LD', 3, 8, 4),
('9999', 'Mata pelanduk', 'Ardisia spp.', 'MP', 3, NULL, 1),
('9999', 'Mempening gajah', 'Lithocarpus cyclophorus', 'MPNGG', 3, NULL, 2),
('9999', 'Mempoyan', 'Mempoyan', 'MPYN', 3, 8, 4),
('9999', 'Memtulang', 'Memtulang', 'MTLG', 3, 8, 4),
('9999', 'Mengkirai', 'Mengkirai', 'MNGKR', 3, 8, 1),
('9999', 'Mersindok', 'Dysoxylim spp.', 'MSND', 3, NULL, 1),
('9999', 'Pagar anak', 'Pagar anak', 'PA', 3, 8, 4),
('9999', 'Pepauh', 'Pepauh', 'PEPAUH', 3, 8, 4),
('9999', 'Pianggu', 'Pianggu', 'PIANGGU', 3, 8, 4),
('9999', 'Sebasah', 'Sebasah', 'SBSH', 3, 8, 4),
('9999', 'Setambun', 'Setambun', 'STMBN', 3, 8, 4),
('9999', 'Talan', 'Talan', 'TALAN', 3, 8, 4),
('9999', 'Tapak kuda', 'Bauhinia purpurea', 'TPKK', 3, 8, 4),
('9999', 'Ubar', 'Ubar', 'UBAR', 3, 8, 4),
(NULL, 'Lain-lain', 'Lain-lain', 'LLJ', 3, NULL, 1);

INSERT INTO RegenerationType (Name, StateID) VALUES
('Jenis dikehendaki', NULL),
('Jenis diterima', NULL);

INSERT INTO RegenerationSpecies (RegenerationTypeID, SpeciesID) SELECT 1, SpeciesID FROM Species WHERE Symbol IN
('BLBT', 'BLKS', 'BLKHM', 'BLLT', 'BLLMH', 'BLMM', 'BLMJN', 'BLMH', 'BLTB', 'CGL', 'DHBL', 'DHKP', 'DMY', 'GMLBT', 'JLG', 'KPR', 'KLN', 'KLKL', 'KPS', 'KRBG', 'KRBL', 'KRGB', 'KRGL', 'KRKU', 'KRKS', 'KRKP', 'KRLK', 'KRMP', 'KRRP', 'MKJR', 'MTBU', 'MTBE', 'MTBT', 'MTDB', 'MTKP', 'MTLG', 'MTML', 'MTNM', 'MTPA', 'MTRD', 'MTSP', 'MTSY', 'MTTN', 'MTTB', 'MWBU', 'MWPK', 'MWSP', 'MWSJN', 'MRU', 'MADR', 'MAGH', 'NYSG', 'SPLN');

INSERT INTO RegenerationSpecies (RegenerationTypeID, SpeciesID) SELECT 2, SpeciesID FROM Species WHERE Symbol IN
('AB', 'BL', 'BN', 'DH', 'DDI', 'DR', 'GG', 'GR', 'GGU', 'GPS', 'GM', 'JW', 'KI', 'KD', 'KKH', 'KL', 'KS', 'KJ', 'KR', 'MU', 'ML', 'MK', 'MTBK', 'MTBB', 'MTBA', 'MTJT', 'MTKH', 'MTLP', 'MTMG', 'MTPY', 'MTPJ', 'MTPP', 'MTSBT', 'MTSMH', 'MTTK', 'MTTA', 'MW', 'MP', 'MA', 'NY', 'PL', 'PR', 'PT', 'PD', 'PU', 'PNH', 'RM', 'RK', 'SP', 'SSK', 'SM', 'SR', 'TP', 'TR', 'TLG');

INSERT IGNORE INTO RegenerationSpecies (RegenerationTypeID, SpeciesID) SELECT 2, SpeciesID FROM Species WHERE
Symbol LIKE 'BL%' OR Symbol LIKE 'DH%' OR Symbol LIKE 'KR%' OR Symbol LIKE 'MK%' OR Symbol LIKE 'MA%';

INSERT INTO ProtectedType (Name, StateID) VALUES
('Malaysia Plant Red List', NULL),
('Pokok buah-buahan dan sumber makanan fauna', 5);

INSERT INTO ProtectedSpecies (ProtectedTypeID, SpeciesID) VALUES
(2, 164),
(2, 169),
(2, 204),
(2, 243),
(2, 263),
(2, 265),
(2, 267),
(2, 274),
(2, 275),
(2, 283),
(2, 290),
(2, 291),
(2, 335),
(2, 348),
(2, 353),
(2, 374),
(2, 390),
(2, 428),
(2, 437),
(2, 451),
(2, 457),
(2, 480),
(2, 482),
(2, 485),
(2, 486),
(2, 490),
(2, 492),
(2, 493),
(2, 497);

INSERT INTO TreeLimit (MotherLimit, ChengalLimit, ProtectedLimit, MaximumPerPlot, StateID) VALUES
(0, 0, 0, 0, 1),
(0, 0, 0, 0, 2),
(0, 0, 0, 0, 3),
(0, 0, 0, 0, 4),
(30, 70, 76, 4, 5);

INSERT INTO PlotType (Name, Description, Length, Width, MinDiameter, MaxDiameter) VALUES
('Petak utama (50 m x 20 m)', 'Semua pokok > 45 cm', 50, 20, 45.01, 99999),
('Petak utama (50 m x 20 m)', 'Semua pokok > 30 cm - 45 cm', 50, 20, 30.01, 45),
('Petak kedua sub-petak A (25 m x 20 m)', 'Semua pokok > 15 cm - 30 cm', 25, 20, 15.01, 30),
('Petak kedua sub-petak B (25 m x 20 m)', 'Hanya pokok > 15 cm - 30 cm yang dilingkari pepanjat', 25, 20, 15.01, 30),
('Petak ketiga (10 m x 10 m)', 'Semua pokok > 5 cm - 15 cm', 10, 10, 5.01, 15),
('Petak keempat (5 m x 5 m)', 'Semua pokok <= 5 cm', 5, 5, 0, 5),
('Petak kelima (2 m x 2 m)', 'Semua pokok <= 5 cm', 2, 2, 0, 5);

INSERT INTO LogQuality (Code, Name) VALUES
('1', 'Balak kupas (terbaik)'),
('2', 'Balak gergaji (baik)'),
('3', 'Balak cacat (tidak baik)');

INSERT INTO Fertility (Code, Name) VALUES
('1', 'Rupa batang baik dan subur'),
('2', 'Rupa batang baik tetapi tidak subur'),
('3', 'Rupa batang tidak baik tetapi subur'),
('4', 'Rosak, reput, patah');

INSERT INTO VineSpreadth (Code, Name) VALUES
('0', 'Pepanjat tidak melingkari pokok lain'),
('1', 'Pepanjat melingkari pokok lain'),
('2', 'Tiada pepanjat');

INSERT INTO CuttingOption (DipterocarpLimit, NonDipterocarpLimit, StateID) VALUES
(90, 85, NULL),
(90, 80, NULL),
(90, 75, NULL),
(90, 70, NULL),
(90, 65, NULL),
(90, 60, NULL),
(90, 55, NULL),
(90, 50, NULL),
(90, 45, NULL),
(85, 80, NULL),
(85, 75, NULL),
(85, 70, NULL),
(85, 65, NULL),
(85, 60, NULL),
(85, 55, NULL),
(85, 50, NULL),
(85, 45, NULL),
(80, 75, NULL),
(80, 70, NULL),
(80, 65, NULL),
(80, 60, NULL),
(80, 55, NULL),
(80, 50, NULL),
(80, 45, NULL),
(75, 70, NULL),
(75, 65, NULL),
(75, 60, NULL),
(75, 55, NULL),
(75, 50, NULL),
(75, 45, NULL),
(70, 65, NULL),
(70, 60, NULL),
(70, 55, NULL),
(70, 50, NULL),
(70, 45, NULL),
(65, 60, NULL),
(65, 55, NULL),
(65, 50, NULL),
(65, 45, NULL),
(60, 55, NULL),
(60, 50, NULL),
(60, 45, NULL),
(55, 50, NULL),
(55, 45, NULL),
(50, 45, NULL);

INSERT INTO TreeStatus (Code, Name) VALUES
('1', 'Pokok tebangan akhir (CT)'),
('2', 'Pokok tebangan akhir yang berpotensi (PCT)'),
('3', 'Bukan pokok tebangan akhir (NCT)');

INSERT INTO Silara (Code, Name) VALUES
('1', 'Berbentuk baik dan sempurna'),
('2', 'Dahan di satu bahagian sahaja'),
('3', 'Tidak berbentuk baik dan kecil'),
('4', 'Dahan besar silaranya patah atau rosak');

INSERT INTO Dominance (Code, Name) VALUES
('1', 'Bebas dan unggul'),
('2', 'Seunggul dengan silara pokok yang batang bersifat baik'),
('3', 'Seunggul dengan silara pokok yang batang bersifat buruk dan cacat'),
('4', 'Dinaungi oleh pokok yang batang bersifat baik'),
('5', 'Dinaungi oleh pokok yang batang bersifat buruk dan cacat');

INSERT INTO Ginger (Code, Name) VALUES
('1', '0% - 20%'),
('2', '21% - 40%'),
('3', '41% - 60%'),
('4', '61% - 80%'),
('5', '81% - 100%');

INSERT INTO Banana (Code, Name) VALUES
('1', '0% - 20%'),
('2', '21% - 40%'),
('3', '41% - 60%'),
('4', '61% - 80%'),
('5', '81% - 100%');

INSERT INTO HammerType (Name) VALUES
('Tukul tanda hasil'),
('Tukul tanda jabatan'),
('Tukul tanda sita'),
('Tukul tanda pengelasan'),
('Tukul tanda harta'),
('Tukul tanda lesen');

INSERT INTO Hammer VALUES
('TTH/NSB/1', 'TTH NSB 1', 1, 1, NULL),
('TTH/NSB/2', 'TTH NSB 2', 1, 1, NULL),
('TTH/NSB/3', 'TTH NSB 3', 1, 1, NULL),
('TTJ/NSB/1', 'TTJ NSB 1', 2, 1, NULL),
('TTJ/NSB/2', 'TTJ NSB 2', 2, 1, NULL),
('TTJ/NSB/3', 'TTJ NSB 3', 2, 1, NULL),
('TTS/NSB/1', 'TTS NSB 1', 3, 1, NULL),
('TTS/NSB/2', 'TTS NSB 2', 3, 1, NULL),
('TTS/NSB/3', 'TTS NSB 3', 3, 1, NULL),
('TTP/NSB/1', 'TTP NSB 1', 4, 1, NULL),
('TTP/NSB/2', 'TTP NSB 2', 4, 1, NULL),
('TTP/NSB/3', 'TTP NSB 3', 4, 1, NULL),
('TTH/NST/1', 'TTH NST 1', 1, 2, NULL),
('TTH/NST/2', 'TTH NST 2', 1, 2, NULL),
('TTH/NST/3', 'TTH NST 3', 1, 2, NULL),
('TTJ/NST/1', 'TTJ NST 1', 2, 2, NULL),
('TTJ/NST/2', 'TTJ NST 2', 2, 2, NULL),
('TTJ/NST/3', 'TTJ NST 3', 2, 2, NULL),
('TTS/NST/1', 'TTS NST 1', 3, 2, NULL),
('TTS/NST/2', 'TTS NST 2', 3, 2, NULL),
('TTS/NST/3', 'TTS NST 3', 3, 2, NULL),
('TTP/NST/1', 'TTP NST 1', 4, 2, NULL),
('TTP/NST/2', 'TTP NST 2', 4, 2, NULL),
('TTP/NST/3', 'TTP NST 3', 4, 2, NULL),
('TTH/NSU/1', 'TTH NSU 1', 1, 3, NULL),
('TTH/NSU/2', 'TTH NSU 2', 1, 3, NULL),
('TTH/NSU/3', 'TTH NSU 3', 1, 3, NULL),
('TTJ/NSU/1', 'TTJ NSU 1', 2, 3, NULL),
('TTJ/NSU/2', 'TTJ NSU 2', 2, 3, NULL),
('TTJ/NSU/3', 'TTJ NSU 3', 2, 3, NULL),
('TTS/NSU/1', 'TTS NSU 1', 3, 3, NULL),
('TTS/NSU/2', 'TTS NSU 2', 3, 3, NULL),
('TTS/NSU/3', 'TTS NSU 3', 3, 3, NULL),
('TTP/NSU/1', 'TTP NSU 1', 4, 3, NULL),
('TTP/NSU/2', 'TTP NSU 2', 4, 3, NULL),
('TTP/NSU/3', 'TTP NSU 3', 4, 3, NULL);

INSERT INTO TaggingType (Name) VALUES
('Pokok tebangan/ibu/perlindungan'),
('Pokok jalan'),
('Pokok jalan sekunder'),
('Pokok matau'),
('Pokok kongsi');

INSERT INTO TreeType (Name) VALUES
('Pokok tebangan'),
('Pokok ibu'),
('Pokok perlindungan');

INSERT INTO VolumeGroup (Name, StateID) VALUES
('Jenis Shorea, Tualang, Kempas, dan Jelutong', NULL),
('Jenis Dipterocarpus dan Kapur', NULL),
('Lain-lain Jenis Termasuk Chengal dan Merbau', NULL);

INSERT INTO VolumeSpecies (VolumeGroupID, SpeciesID) VALUES
(1, 1),
(1, 2),
(1, 3),
(1, 4),
(1, 5),
(1, 6),
(1, 7),
(1, 8),
(1, 9),
(1, 10),
(1, 11),
(1, 12),
(1, 13),
(1, 14),
(1, 15),
(1, 16),
(1, 17),
(1, 18),
(1, 19),
(1, 20),
(1, 21),
(1, 22),
(1, 23),
(1, 24),
(1, 25),
(1, 26),
(1, 27),
(1, 28),
(1, 29),
(1, 30),
(1, 31),
(1, 32),
(1, 33),
(1, 34),
(1, 35),
(1, 36),
(1, 37),
(1, 38),
(1, 39),
(1, 40),
(1, 41),
(1, 42),
(1, 43),
(1, 44),
(1, 45),
(1, 112),
(1, 113),
(1, 114),
(1, 115),
(1, 116),
(1, 117),
(1, 118),
(1, 119),
(1, 120),
(1, 121),
(1, 122),
(1, 123),
(1, 124),
(1, 125),
(1, 126),
(1, 127),
(1, 128),
(1, 129),
(1, 222),
(1, 273),
(1, 274),
(2, 77),
(2, 78),
(2, 79),
(2, 80),
(2, 81),
(2, 82),
(2, 83),
(2, 84),
(2, 85),
(2, 86),
(2, 87),
(2, 88),
(2, 89),
(2, 90),
(2, 91),
(2, 92),
(2, 93),
(2, 94),
(2, 95),
(2, 96),
(2, 97),
(2, 98),
(2, 99),
(2, 100),
(2, 101),
(2, 102),
(2, 103),
(2, 104),
(2, 105),
(2, 106),
(2, 107),
(2, 108),
(2, 109),
(2, 110);

INSERT INTO VolumeSpecies (VolumeGroupID, SpeciesID) SELECT 3, SpeciesID FROM Species WHERE SpeciesID NOT IN (SELECT SpeciesID FROM VolumeSpecies WHERE VolumeGroupID IN (1, 2));

INSERT INTO VolumeDiameter (Diameter, Volume, VolumeGroupID) VALUES
(30, 0.91, 1),
(31, 0.96, 1),
(32, 1.02, 1),
(33, 1.08, 1),
(34, 1.15, 1),
(35, 1.22, 1),
(36, 1.3, 1),
(37, 1.36, 1),
(38, 1.43, 1),
(39, 1.53, 1),
(40, 1.61, 1),
(41, 1.68, 1),
(42, 1.77, 1),
(43, 1.87, 1),
(44, 1.94, 1),
(45, 2.04, 1),
(46, 2.15, 1),
(47, 2.25, 1),
(48, 2.35, 1),
(49, 2.45, 1),
(50, 2.58, 1),
(51, 2.72, 1),
(52, 2.82, 1),
(53, 2.93, 1),
(54, 3.06, 1),
(55, 3.17, 1),
(56, 3.31, 1),
(57, 3.45, 1),
(58, 3.59, 1),
(59, 3.75, 1),
(60, 3.91, 1),
(61, 4.03, 1),
(62, 4.24, 1),
(63, 4.33, 1),
(64, 4.5, 1),
(65, 4.66, 1),
(66, 4.83, 1),
(67, 5, 1),
(68, 5.18, 1),
(69, 5.35, 1),
(70, 5.52, 1),
(71, 5.72, 1),
(72, 5.91, 1),
(73, 6.11, 1),
(74, 6.31, 1),
(75, 6.5, 1),
(76, 6.7, 1),
(77, 6.91, 1),
(78, 7.11, 1),
(79, 7.32, 1),
(80, 7.53, 1),
(81, 7.77, 1),
(82, 8.02, 1),
(83, 8.24, 1),
(84, 8.5, 1),
(85, 8.76, 1),
(86, 9.01, 1),
(87, 9.23, 1),
(88, 9.47, 1),
(89, 9.77, 1),
(90, 9.97, 1),
(91, 10.3, 1),
(92, 10.59, 1),
(93, 10.84, 1),
(94, 11.1, 1),
(95, 11.39, 1),
(96, 11.73, 1),
(97, 12, 1),
(98, 12.31, 1),
(99, 12.66, 1),
(100, 12.96, 1),
(101, 13.25, 1),
(102, 13.57, 1),
(103, 13.89, 1),
(104, 14.26, 1),
(105, 14.6, 1),
(106, 14.97, 1),
(107, 15.35, 1),
(108, 15.63, 1),
(109, 15.96, 1),
(110, 16.36, 1),
(111, 16.7, 1),
(112, 17.09, 1),
(113, 17.45, 1),
(114, 17.83, 1),
(115, 18.19, 1),
(116, 18.63, 1),
(117, 19.03, 1),
(118, 19.45, 1),
(119, 19.88, 1),
(120, 20.35, 1),
(121, 20.75, 1),
(122, 21.25, 1),
(123, 21.68, 1),
(124, 22.14, 1),
(125, 22.59, 1),
(126, 23.09, 1),
(127, 23.69, 1),
(30, 0.76, 2),
(31, 0.82, 2),
(32, 0.88, 2),
(33, 0.93, 2),
(34, 0.99, 2),
(35, 1.05, 2),
(36, 1.09, 2),
(37, 1.16, 2),
(38, 1.25, 2),
(39, 1.33, 2),
(40, 1.42, 2),
(41, 1.53, 2),
(42, 1.64, 2),
(43, 1.78, 2),
(44, 1.9, 2),
(45, 2.04, 2),
(46, 2.18, 2),
(47, 2.32, 2),
(48, 2.43, 2),
(49, 2.58, 2),
(50, 2.69, 2),
(51, 2.83, 2),
(52, 2.97, 2),
(53, 3.11, 2),
(54, 3.25, 2),
(55, 3.4, 2),
(56, 3.57, 2),
(57, 3.74, 2),
(58, 3.93, 2),
(59, 4.1, 2),
(60, 4.25, 2),
(61, 4.45, 2),
(62, 4.59, 2),
(63, 4.78, 2),
(64, 4.95, 2),
(65, 5.12, 2),
(66, 5.32, 2),
(67, 5.52, 2),
(68, 5.72, 2),
(69, 5.91, 2),
(70, 6.11, 2),
(71, 6.31, 2),
(72, 6.52, 2),
(73, 6.79, 2),
(74, 7.02, 2),
(75, 7.25, 2),
(76, 7.5, 2),
(77, 7.72, 2),
(78, 8, 2),
(79, 8.24, 2),
(80, 8.49, 2),
(81, 8.77, 2),
(82, 9.06, 2),
(83, 9.34, 2),
(84, 9.61, 2),
(85, 9.89, 2),
(86, 10.19, 2),
(87, 10.47, 2),
(88, 10.87, 2),
(89, 11.04, 2),
(90, 11.32, 2),
(91, 11.6, 2),
(92, 11.95, 2),
(93, 12.25, 2),
(94, 12.54, 2),
(95, 12.88, 2),
(96, 13.16, 2),
(97, 13.5, 2),
(98, 13.87, 2),
(99, 14.18, 2),
(100, 14.54, 2),
(101, 14.92, 2),
(102, 15.36, 2),
(103, 15.51, 2),
(30, 0.68, 3),
(31, 0.71, 3),
(32, 0.74, 3),
(33, 0.77, 3),
(34, 0.79, 3),
(35, 0.82, 3),
(36, 0.85, 3),
(37, 0.88, 3),
(38, 0.91, 3),
(39, 0.93, 3),
(40, 0.96, 3),
(41, 1, 3),
(42, 1.05, 3),
(43, 1.1, 3),
(44, 1.16, 3),
(45, 1.23, 3),
(46, 1.3, 3),
(47, 1.38, 3),
(48, 1.47, 3),
(49, 1.56, 3),
(50, 1.67, 3),
(51, 1.76, 3),
(52, 1.87, 3),
(53, 1.95, 3),
(54, 2.07, 3),
(55, 2.21, 3),
(56, 2.32, 3),
(57, 2.46, 3),
(58, 2.58, 3),
(59, 2.69, 3),
(60, 2.83, 3),
(61, 2.97, 3),
(62, 3.14, 3),
(63, 3.31, 3),
(64, 3.48, 3),
(65, 3.63, 3),
(66, 3.75, 3),
(67, 3.91, 3),
(68, 4.07, 3),
(69, 4.25, 3),
(70, 4.42, 3),
(71, 4.61, 3),
(72, 4.81, 3),
(73, 4.98, 3),
(74, 5.17, 3),
(75, 5.38, 3),
(76, 5.58, 3),
(77, 5.8, 3),
(78, 6.02, 3),
(79, 6.23, 3),
(80, 6.43, 3),
(81, 6.62, 3),
(82, 6.82, 3),
(83, 7.04, 3),
(84, 7.28, 3),
(85, 7.47, 3),
(86, 7.67, 3),
(87, 7.89, 3),
(88, 8.12, 3),
(89, 8.35, 3),
(90, 8.55, 3),
(91, 8.77, 3),
(92, 9.03, 3),
(93, 9.26, 3),
(94, 9.48, 3),
(95, 9.68, 3),
(96, 9.89, 3),
(97, 10.13, 3),
(98, 10.33, 3),
(99, 10.55, 3),
(100, 10.75, 3),
(101, 10.98, 3),
(102, 11.18, 3),
(103, 11.42, 3),
(104, 11.66, 3),
(105, 11.89, 3),
(106, 12.16, 3),
(107, 12.4, 3),
(108, 12.64, 3),
(109, 12.88, 3),
(110, 13.13, 3),
(111, 13.39, 3),
(112, 13.68, 3),
(113, 13.96, 3),
(114, 14.29, 3),
(115, 14.54, 3),
(116, 14.81, 3),
(117, 15.09, 3),
(118, 15.39, 3),
(119, 15.63, 3),
(120, 15.91, 3),
(121, 16.13, 3),
(122, 16.47, 3),
(123, 16.77, 3),
(124, 17.04, 3),
(125, 17.32, 3),
(126, 17.61, 3),
(127, 17.89, 3);

INSERT INTO AbstractsSpeciesGroup (Name, Status) VALUES
('Balau', 'A'),
('Balau Merah', 'A'),
('Bitis', 'A'),
('Chengal', 'A'),
('Giam', 'A'),
('Kekatong', 'A'),
('Keranji', 'A'),
('Merbau', 'A'),
('Penaga', 'A'),
('Resak', 'A'),
('Tembusu', 'A'),
('Tempinis', 'A'),
('LAIN-LAIN HHW', 'A'),
('Kapur', 'A'),
('Kasai', 'A'),
('Kelat', 'A'),
('Keladan', 'A'),
('Keledang', 'A'),
('Kempas', 'A'),
('Keruing (tidak berminyak)', 'A'),
('Kulim', 'A'),
('Mata ulat', 'A'),
('Mengkulang', 'A'),
('Merpauh', 'A'),
('Punah', 'A'),
('Rengas', 'A'),
('Simpoh', 'A'),
('Tualang', 'A'),
('LAIN-LAIN MHW', 'A'),
('AKASIA M.', 'A'),
('Batai', 'A'),
('Bintangor', 'A'),
('Durian', 'A'),
('Geronggang', 'A'),
('Gerutu', 'A'),
('Jelutong', 'A'),
('Kedondong', 'A'),
('Kembang semangkok', 'A'),
('Kungkur', 'A'),
('Machang', 'A'),
('Medang', 'A'),
('Meranti melantai', 'A'),
('Melunak', 'A'),
('Mempisang', 'A'),
('Meranti bakau', 'A'),
('Meranti merah tua', 'A'),
('Meranti merah muda', 'A'),
('Meranti putih', 'A'),
('Meranti kuning/damar hitam', 'A'),
('Merawan', 'A'),
('Mersawa', 'A'),
('Nyatoh', 'A'),
('Penarahan', 'A'),
('Pulai', 'A'),
('Ramin', 'A'),
('Sesenduk', 'A'),
('Sepetir', 'A'),
('Terap', 'A'),
('Terentang', 'A'),
('LAIN-LAIN LHW', 'A'),
('Damar minyak', 'A'),
('SPESIS PINE', 'A');

INSERT INTO AbstractsSpeciesGroupRecord (AbstractsSpeciesGroupID, SpeciesID, Status) VALUES
(1, 112, 'A'),
(1, 113, 'A'),
(1, 114, 'A'),
(1, 115, 'A'),
(1, 116, 'A'),
(1, 117, 'A'),
(1, 118, 'A'),
(1, 119, 'A'),
(1, 120, 'A'),
(1, 121, 'A'),
(1, 122, 'A'),
(1, 123, 'A'),
(1, 125, 'A'),
(1, 126, 'A'),
(1, 127, 'A'),
(1, 128, 'A'),
(1, 129, 'A'),
(2, 124, 'A'),
(3, 189, 'A'),
(3, 190, 'A'),
(3, 191, 'A'),
(3, 192, 'A'),
(4, 130, 'A'),
(5, 131, 'A'),
(5, 132, 'A'),
(5, 133, 'A'),
(5, 134, 'A'),
(5, 135, 'A'),
(5, 136, 'A'),
(5, 137, 'A'),
(5, 138, 'A'),
(5, 139, 'A'),
(5, 140, 'A'),
(6, 247, 'A'),
(6, 248, 'A'),
(6, 249, 'A'),
(7, 275, 'A'),
(7, 276, 'A'),
(7, 277, 'A'),
(7, 278, 'A'),
(7, 279, 'A'),
(7, 280, 'A'),
(7, 281, 'A'),
(7, 282, 'A'),
(8, 311, 'A'),
(9, 339, 'A'),
(10, 141, 'A'),
(10, 142, 'A'),
(10, 143, 'A'),
(10, 144, 'A'),
(10, 145, 'A'),
(10, 146, 'A'),
(10, 147, 'A'),
(10, 148, 'A'),
(10, 149, 'A'),
(10, 150, 'A'),
(10, 151, 'A'),
(10, 152, 'A'),
(10, 153, 'A'),
(10, 155, 'A'),
(10, 156, 'A'),
(10, 157, 'A'),
(10, 158, 'A'),
(10, 159, 'A'),
(10, 160, 'A'),
(10, 161, 'A'),
(10, 162, 'A'),
(10, 163, 'A'),
(11, 411, 'A'),
(11, 412, 'A'),
(11, 413, 'A'),
(12, 459, 'A'),
(13, 275, 'A'),
(14, 110, 'A'),
(15, 224, 'A'),
(15, 225, 'A'),
(15, 226, 'A'),
(15, 227, 'A'),
(16, 250, 'A'),
(16, 251, 'A'),
(16, 252, 'A'),
(16, 253, 'A'),
(16, 254, 'A'),
(17, 111, 'A'),
(18, 255, 'A'),
(18, 256, 'A'),
(18, 257, 'A'),
(18, 258, 'A'),
(18, 259, 'A'),
(18, 260, 'A'),
(18, 261, 'A'),
(18, 262, 'A'),
(18, 263, 'A'),
(19, 273, 'A'),
(20, 87, 'A'),
(21, 285, 'A'),
(22, 294, 'A'),
(23, 304, 'A'),
(23, 305, 'A'),
(23, 306, 'A'),
(23, 307, 'A'),
(24, 313, 'A'),
(24, 314, 'A'),
(24, 315, 'A'),
(25, 370, 'A'),
(26, 384, 'A'),
(26, 385, 'A'),
(26, 386, 'A'),
(26, 387, 'A'),
(27, 398, 'A'),
(27, 399, 'A'),
(27, 400, 'A'),
(27, 401, 'A'),
(27, 402, 'A'),
(27, 403, 'A'),
(27, 404, 'A'),
(27, 405, 'A'),
(27, 406, 'A'),
(28, 274, 'A'),
(29, 77, 'A'),
(29, 78, 'A'),
(29, 79, 'A'),
(29, 80, 'A'),
(29, 81, 'A'),
(29, 82, 'A'),
(29, 83, 'A'),
(29, 85, 'A'),
(29, 86, 'A'),
(29, 89, 'A'),
(29, 90, 'A'),
(29, 91, 'A'),
(29, 94, 'A'),
(29, 97, 'A'),
(29, 98, 'A'),
(29, 99, 'A'),
(29, 107, 'A'),
(29, 109, 'A'),
(29, 228, 'A'),
(29, 265, 'A'),
(29, 266, 'A'),
(29, 267, 'A'),
(29, 293, 'A'),
(29, 302, 'A'),
(29, 310, 'A'),
(29, 312, 'A'),
(29, 316, 'A'),
(29, 335, 'A'),
(29, 345, 'A'),
(29, 347, 'A'),
(29, 373, 'A'),
(29, 457, 'A'),
(29, 493, 'A'),
(31, 426, 'A'),
(32, 170, 'A'),
(32, 171, 'A'),
(32, 172, 'A'),
(32, 173, 'A'),
(32, 174, 'A'),
(32, 175, 'A'),
(32, 176, 'A'),
(32, 177, 'A'),
(32, 178, 'A'),
(32, 179, 'A'),
(32, 180, 'A'),
(32, 181, 'A'),
(32, 182, 'A'),
(32, 183, 'A'),
(32, 184, 'A'),
(32, 185, 'A'),
(32, 186, 'A'),
(32, 187, 'A'),
(32, 188, 'A'),
(33, 196, 'A'),
(33, 197, 'A'),
(33, 198, 'A'),
(33, 199, 'A'),
(33, 200, 'A'),
(33, 201, 'A'),
(33, 202, 'A'),
(33, 203, 'A'),
(33, 204, 'A'),
(33, 205, 'A'),
(33, 206, 'A'),
(33, 207, 'A'),
(34, 209, 'A'),
(34, 210, 'A'),
(34, 211, 'A'),
(34, 212, 'A'),
(34, 213, 'A'),
(35, 73, 'A'),
(35, 74, 'A'),
(35, 75, 'A'),
(35, 76, 'A'),
(36, 222, 'A'),
(37, 229, 'A'),
(37, 230, 'A'),
(37, 231, 'A'),
(37, 232, 'A'),
(37, 233, 'A'),
(37, 234, 'A'),
(37, 235, 'A'),
(37, 236, 'A'),
(37, 237, 'A'),
(37, 238, 'A'),
(37, 239, 'A'),
(37, 240, 'A'),
(37, 241, 'A'),
(37, 242, 'A'),
(37, 243, 'A'),
(37, 244, 'A'),
(37, 245, 'A'),
(38, 270, 'A'),
(38, 271, 'A'),
(38, 272, 'A'),
(39, 284, 'A'),
(40, 288, 'A'),
(40, 290, 'A'),
(41, 295, 'A'),
(41, 296, 'A'),
(41, 297, 'A'),
(41, 298, 'A'),
(42, 23, 'A'),
(43, 299, 'A'),
(43, 300, 'A'),
(43, 301, 'A'),
(44, 303, 'A'),
(45, 9, 'A'),
(46, 1, 'A'),
(46, 2, 'A'),
(46, 5, 'A'),
(46, 6, 'A'),
(46, 19, 'A'),
(47, 8, 'A'),
(47, 10, 'A'),
(47, 11, 'A'),
(47, 13, 'A'),
(47, 15, 'A'),
(47, 21, 'A'),
(48, 16, 'A'),
(48, 17, 'A'),
(48, 24, 'A'),
(48, 26, 'A'),
(48, 27, 'A'),
(48, 28, 'A'),
(48, 29, 'A'),
(48, 31, 'A'),
(48, 32, 'A'),
(48, 33, 'A'),
(48, 34, 'A'),
(49, 36, 'A'),
(49, 37, 'A'),
(49, 38, 'A'),
(49, 39, 'A'),
(49, 40, 'A'),
(49, 41, 'A'),
(49, 42, 'A'),
(49, 43, 'A'),
(49, 44, 'A'),
(49, 45, 'A'),
(50, 53, 'A'),
(50, 54, 'A'),
(50, 55, 'A'),
(50, 56, 'A'),
(50, 57, 'A'),
(50, 58, 'A'),
(50, 59, 'A'),
(50, 60, 'A'),
(50, 61, 'A'),
(50, 62, 'A'),
(50, 63, 'A'),
(50, 64, 'A'),
(50, 65, 'A'),
(50, 66, 'A'),
(50, 67, 'A'),
(50, 68, 'A'),
(50, 69, 'A'),
(50, 70, 'A'),
(50, 71, 'A'),
(50, 72, 'A'),
(51, 46, 'A'),
(51, 47, 'A'),
(51, 48, 'A'),
(51, 49, 'A'),
(51, 50, 'A'),
(51, 51, 'A'),
(51, 52, 'A'),
(52, 317, 'A'),
(52, 318, 'A'),
(52, 319, 'A'),
(52, 320, 'A'),
(52, 321, 'A'),
(52, 322, 'A'),
(52, 323, 'A'),
(52, 324, 'A'),
(52, 325, 'A'),
(52, 326, 'A'),
(52, 327, 'A'),
(52, 328, 'A'),
(52, 329, 'A'),
(52, 330, 'A'),
(52, 331, 'A'),
(52, 332, 'A'),
(52, 333, 'A'),
(52, 334, 'A'),
(53, 340, 'A'),
(53, 341, 'A'),
(53, 342, 'A'),
(53, 343, 'A'),
(53, 344, 'A'),
(54, 366, 'A'),
(54, 367, 'A'),
(54, 368, 'A'),
(54, 369, 'A'),
(55, 379, 'A'),
(55, 380, 'A'),
(55, 381, 'A'),
(55, 382, 'A'),
(55, 383, 'A'),
(56, 397, 'A'),
(57, 391, 'A'),
(57, 392, 'A'),
(57, 393, 'A'),
(57, 394, 'A'),
(57, 395, 'A'),
(57, 396, 'A'),
(58, 416, 'A'),
(58, 417, 'A'),
(58, 418, 'A'),
(59, 420, 'A'),
(59, 421, 'A'),
(59, 422, 'A'),
(59, 423, 'A'),
(60, 3, 'A'),
(60, 4, 'A'),
(60, 7, 'A'),
(60, 12, 'A'),
(60, 18, 'A'),
(60, 20, 'A'),
(60, 22, 'A'),
(60, 25, 'A'),
(60, 35, 'A'),
(60, 164, 'A'),
(60, 169, 'A'),
(60, 215, 'A'),
(60, 216, 'A'),
(60, 217, 'A'),
(60, 218, 'A'),
(60, 219, 'A'),
(60, 220, 'A'),
(60, 264, 'A'),
(60, 291, 'A'),
(60, 348, 'A'),
(60, 349, 'A'),
(60, 350, 'A'),
(60, 351, 'A'),
(60, 388, 'A'),
(60, 389, 'A'),
(60, 437, 'A'),
(60, 441, 'A'),
(60, 486, 'A'),
(60, 487, 'A'),
(61, 193, 'A');

INSERT INTO BursaryVot (Code, Name, Type, Status) VALUES
('60003', 'Kumpulan Wang Pembangunan Hutan', 'T', 'A'),
('73699', 'Premium Mengambil Hasil Hutan', 'R', 'A'),
('61701', 'Royalti Hasil Hutan', 'R', 'A'),
('72199', 'Lesen Berkaitan Mengambil dan Memindahkan Hasil Hutan ', 'R', 'A'),
('71801', 'Permit Penggunaan', 'R', 'A'),
('71818', 'Permit Jalan', 'R', 'A'),
('71801', 'Permit Memasuki Hutan Simpan Kekal', 'R', 'A'),
('71725', 'Pendaftaran', 'R', 'A'),
('72119', 'Perkhidmatan dan Bayaran Perkhidmatan', 'R', 'A'),
('74201', 'Sewaan Bangunan Kediaman', 'R', 'A'),
('74100', 'Sewa Tanah', 'R', 'A'),
('73301', 'Jualan Harta Benda', 'R', 'A'),
('79501', 'Wang Amanah Deposit Am', 'T', 'A'),
('71401', 'Lesen Industri Berasas Kayu', 'R', 'A'),
('76100', 'Denda dan Hukuman', 'R', 'A'),
('73199', 'Jualan Bahan Bercetak yang Lain', 'R', 'A'),
('74251', 'Sewa Banglo, Chalet dan Rumah Persinggahan', 'R', 'A'),
('79503', 'Wang Amanah Akaun Cagaran', 'T', 'A');


INSERT INTO DepartmentVot (BursaryVotID, Code, Name, Status) VALUES
(1, '01', 'Ses Pembangunan Hutan (Ses)', 'A'),
(2, '01', 'Premium Hutan Simpanan Kekal (Hutan Darat)', 'A'),
(2, '02', 'Premium Hutan Simpanan Kekal (Hutan Paya Laut)', 'A'),
(2, '03', 'Premium Hutan Tanah Kerajaan (Hutan Darat)', 'A'),
(2, '04', 'Premium Hutan Tanah Kerajaan (Hutan Paya Laut)', 'A'),
(3, '01', 'Royalti Hasil Hutan Utama (Kayu)', 'A'),
(3, '02', 'Royalti Hasil Hutan Utama (Arang)', 'A'),
(3, '03', 'Royalti Hasil Hutan Utama (Rotan) ', 'A'),
(3, '04', 'Royalti Hasil Hutan Kecil (Bahan Batuan)', 'A'),
(3, '05', 'Royalti Hasil Hutan Kecil (Pasir)', 'A'),
(3, '06', 'Royalti Hasil Hutan Kecil (Buluh)', 'A'),
(3, '07', 'Royalti Hasil Hutan Kecil (Buah-buahan)', 'A'),
(3, '08', 'Royalti Hasil Hutan Kecil lain', 'A'),
(4, '01', 'Lesen Mengambil Hasil Hutan (Kayu Bulat)', 'A'),
(4, '02', 'Lesen Mengambil Hasil Hutan (Kayu Jaras)', 'A'),
(4, '03', 'Lesen Mengambil Hasil Hutan (Arang)', 'A'),
(4, '04', 'Lesen Mengambil Hasil Hutan (Rotan)', 'A'),
(4, '05', 'Lesen Kecil (Bahan Batuan)', 'A'),
(4, '06', 'Lesen Kecil (Pasir)', 'A'),
(4, '07', 'Lesen Kecil (Buluh)', 'A'),
(4, '08', 'Lesen Kecil (Buah-buahan)', 'A'),
(4, '09', 'Lesen Kecil Lain', 'A'),
(4, '10', 'Lesen Pemindah', 'A'),
(4, '11', 'Pembaharuan Tempoh Lesen Mengambil Hasil Hutan', 'A'),
(4, '12', 'Pembaharuan Tempoh Lesen Kecil', 'A'),
(4, '13', 'Pembaharuan Tempoh Lesen Pemindah', 'A'),
(4, '14', 'Penggantian Lesen Mengambil Hasil Hutan', 'A'),
(4, '15', 'Penggantian Lesen Kecil', 'A'),
(4, '16', 'Penggantian Lesen Pemindah', 'A'),
(4, '17', 'Sub Lesen', 'A'),
(5, '01', 'Infrastruktur Pembalakan (Matau)', 'A'),
(5, '02', 'Infrastruktur Pembalakan (Tapak Kongsi)', 'A'),
(5, '03', 'Penyelidikan', 'A'),
(5, '04', 'Pelajaran atau Latihan', 'A'),
(5, '05', 'Rekreasi', 'A'),
(5, '06', 'Pertanian', 'A'),
(5, '07', 'Penternakan', 'A'),
(5, '08', 'Perikanan', 'A'),
(5, '09', 'Penggunaan Sumber Air', 'A'),
(5, '10', 'Loji Penukaran ', 'A'),
(5, '11', 'Perhutanan Tani', 'A'),
(5, '12', 'Ladang Hutan', 'A'),
(5, '13', 'Empang Hidro Elektrik', 'A'),
(5, '14', 'Tapak Semaian ', 'A'),
(5, '15', 'Menara Telekomunikasi', 'A'),
(5, '16', 'Talian Penghantaran Elektrik', 'A'),
(5, '17', 'Laluan Paip Gas / Minyak / Air', 'A'),
(5, '18', 'Penggunaan Lain', 'A'),
(5, '19', 'Penggantian Permit Penggunaan ', 'A'),
(6, '01', 'Jalan Hutan', 'A'),
(6, '02', 'Jalan Raya', 'A'),
(6, '03', 'Lebuh Raya', 'A'),
(6, '04', 'Penggantian Permit Jalan ', 'A'),
(7, '01', 'Rekreasi', 'A'),
(7, '02', 'Pembangunan Hutan', 'A'),
(7, '03', 'Penyelidikan', 'A'),
(7, '04', 'Penggambaran', 'A'),
(7, '05', 'Tujuan Lain', 'A'),
(8, '01', 'Pendaftaran Sebagai Pengusaha Pembalakan (Hasil Utama Hutan)', 'A'),
(8, '02', 'Pendaftaran Sebagai Pengusaha Pembalakan (Hasil Kecil Hutan)', 'A'),
(8, '03', 'Pendaftaran Sebagai Pengusaha Hutan Paya Laut', 'A'),
(8, '04', 'Pendaftaran Sebagai Kontraktor Pembalakan (Hasil Utama Hutan)', 'A'),
(8, '05', 'Pendaftaran Sebagai Kontraktor Pembalakan (Hasil Kecil Hutan)', 'A'),
(8, '06', 'Pendaftaran Kontraktor', 'A'),
(8, '07', 'Pembangunan Hutan', 'A'),
(8, '08', 'Pendaftaran Untuk Berurus Niaga Hasil Hutan', 'A'),
(8, '09', 'Ejen Pelesen', 'A'),
(8, '10', 'Pendaftaran Jentera / Mesin bagi Kerja-kerja Mengusahahasil Apa-apa Hasil Hutan', 'A'),
(8, '11', 'Pendaftaran Jentera / Mesin Penghancur Batu', 'A'),
(8, '12', 'Pendaftaran Gergaji Berantai', 'A'),
(8, '13', 'Pendaftaran Tanda Harta', 'A'),
(8, '14', 'Pendaftaran Tanda Pengelasan', 'A'),
(8, '15', 'Kepala Hutan', 'A'),
(8, '16', 'Penebang', 'A'),
(8, '17', 'Pengendali Jentera / Mesin bagi Kerja-kerja Mengusahahasil Apa-apa Hasil Hutan', 'A'),
(8, '19', 'Pemandu Pelancong / Malim Gunung', 'A'),
(9, '01', 'Bayaran Pengukuran dan Penandaan Sempadan Kawasan', 'A'),
(9, '02', 'Lesen dan Permit', 'A'),
(9, '03', 'Perkhidmatan Jurupandu', 'A'),
(9, '04', 'Pemulihan Kawasan', 'A'),
(9, '05', 'Penyediaan Laporan Penilaian Kawasan', 'A'),
(9, '06', 'Fi Masuk Hutan Lipur / Taman Eko Rimba / Taman Negeri', 'A'),
(9, '07', 'Tempat Letak Kenderaan', 'A'),
(9, '08', 'Kemasukan Kenderaan ke Dalam Hutan Simpanan Kekal', 'A'),
(10, '01', 'Banglo', 'A'),
(10, '02', 'Chalet', 'A'),
(10, '03', 'Asrama / Bilik Penginapan', 'A'),
(10, '04', 'Penginapan', 'A'),
(10, '05', 'Bilik Kuliah / Seminar', 'A'),
(10, '06', 'Dewan Terbuka / Serbaguna / Astaka', 'A'),
(10, '07', 'Bilik Mesyuarat', 'A'),
(10, '08', 'Gerai / Kafeteria', 'A'),
(10, '09', 'Tandas', 'A'),
(10, '10', 'Infrastruktur / Kemudahan Lain', 'A'),
(11, '01', 'Tapak Perkhemahan', 'A'),
(11, '02', 'Padang', 'A'),
(11, '03', 'Gelanggang', 'A'),
(11, '04', 'Tanah yang Lain', 'A'),
(12, '01', 'Jualan Anak Pokok', 'A'),
(12, '02', 'Produk Perhutanan', 'A'),
(12, '03', 'Pelupusan Harta Benda Kerajaan', 'A'),
(13, '01', 'Wang Amanah Lesen Kecil - Durian (Akaun Deposit Am Jabatan)', 'A'),
(13, '02', 'Wang Amanah - Deposit Kongsi (Akaun Deposit Am Jabatan Negeri)', 'A'),
(13, '03', 'Wang Amanah - Deposit Matau (Akaun Deposit Am Jabatan Negeri)', 'A'),
(13, '04', 'Wang Amanah - Deposit Lesen', 'A'),
(13, '05', 'Wang Amanah - Deposit Permit Penggunaan', 'A'),
(13, '06', 'Wang Amanah - Deposit Jalan', 'A'),
(14, '01', 'Lesen Kilang Papan', 'A'),
(14, '02', 'Lesen Kilang Viner', 'A'),
(14, '03', 'Lesen Kilang Papan Lapis', 'A'),
(14, '04', 'Lesen Kilang Papan Bergerak', 'A'),
(14, '05', 'Loji Tanur Pengering / Pengawet', 'A'),
(14, '06', 'Kilang Perabot / Kayu Kumai / Kerja Kayu / Lantai Parket / Kotak Kayu / Pak / Palet / Komponen Bangunan Kayu', 'A'),
(14, '07', 'Kilang Pulpa dan Kertas', 'A'),
(14, '08', 'Loji Cebis Kayu / Tepung Kayu', 'A'),
(14, '09', 'Tanur Arang / Kayu Briket', 'A'),
(14, '10', 'Loji Penyuling Kayu / Hirolisis Kayu / Pulpa Rayon', 'A'),
(14, '11', 'Kilang Buloh', 'A'),
(14, '12', 'Kilang Rotan', 'A'),
(14, '13', 'Bayaran Mesin', 'A'),
(14, '14', 'Bayaran Proses Permohonan', 'A'),
(14, '15', 'Bayaran Kerja Malam', 'A'),
(14, '16', 'Bayaran Salinan Lesen', 'A'),
(15, '01', 'Kompaun', 'A'),
(15, '02', 'Bauran Gantirugi Atas Kesalahan Hutan', 'A'),
(15, '03', 'Pampasan', 'A'),
(15, '04', 'Pelucutan Hak Barang Sitaan', 'A'),
(16, '01', 'Penerbitan', 'A'),
(16, '02', 'Jualan pelan', 'A'),
(16, '03', 'Borang Tender / Sebutharga', 'A'),
(17, '01', 'Banglo', 'A'),
(17, '02', 'Chalet', 'A'),
(17, '03', 'Asrama / Bilik Penginapan', 'A'),
(17, '04', 'Bilik Kuliah / Seminar', 'A'),
(17, '05', 'Dewan Terbuka / Serbaguna / Astaka', 'A'),
(17, '06', 'Bilik Mesyuarat', 'A'),
(17, '07', 'Gerai / Kafeteria', 'A'),
(17, '08', 'Tandas', 'A'),
(17, '09', 'Infrastruktur', 'A'),
(17, '10', 'Tapak Perkhemahan', 'A'),
(18, '01', 'Bayaran Amanah Cukai', 'A');

INSERT INTO TrustFund (DepartmentVotID, Description, Symbol, Status) VALUES
(141, 'Wang Amanah Cukai', 'WAKK', 'A'),
(105, 'Wang Amanah Lesen', 'WAL', 'A'),
(107, 'Wang Amanah Jalan', 'WAJ', 'A'),
(103, 'Wang Amanah Kongsi', 'WAKO', 'A'),
(104, 'Wang Amanah Matau', 'WAM', 'A');
-- XXX

INSERT INTO ProductGroup (Code, Name, Status) VALUES
('99', 'Hasil Hutan Lain', 'A'),
('5', 'Buloh, Rotan, dan Palma Lain', 'A'),
('6', 'Rotan (Manau dan Saga)', 'A'),
('4', 'Kulit Kayu', 'A'),
('1', 'Kayu Jaras dari Hutan Paya Lain', 'A'),
('9', 'Damar', 'A'),
('10', 'Getah', 'A'),
('7', 'Rami', 'A'),
('77', 'Kayu Getah', 'A'),
('13', 'Kayu Palma', 'A');

INSERT INTO SmallProduct (ProductGroupID, Code, Name, Symbol, Status) VALUES
(5, 'JK01A', 'Perepang 20 cm tetapi kurang daripada 30 cm tidak melebihi 2 meter', 'PRPG 20CM < 30CM, < 2 METER', 'A'),
(5, 'JK03A', 'Perepang 10 cm tetapi kurang daripada 20 cm tidak melebihi 2 meter', 'PRPG 10CM < 20CM, < 2 METER', 'A'),
(5, 'JK02A', 'Perepang 10 cm tetapi kurang daripada 20 cm melebihi 2 meter tetapi tidak melebihi 5 meter', 'PRPG  10CM < 20CM, 2 METER < 5 METER', 'A'),
(5, 'JK02B', 'Perepang 10 cm tetapi kurang daripada 20 cm melebihi 5 meter', 'PRPG 10CM < 20CM, > 5 METER', 'A'),
(5, 'JK04A', 'Perepang 5 cm tetapi kurang daripada 10 cm tidak melebihi 2 meter', 'PRPG 5CM < 10CM, < 2 METER', 'A'),
(5, 'JK05A', 'Perepang 5 cm tetapi kurang daripada 10 cm melebihi 2 meter tetapi tidak melebihi 5 meter', 'PRPG 5CM < 10CM, 2 METER < 5 METER', 'A'),
(5, 'JK05B', 'Perepang 5 cm tetapi kurang daripada 10 cm melebihi 5 meter', 'PRPG 5CM < 10 CM, > 5 METER', 'A'),
(5, 'JK06A', 'Perepang kurang daripada 5 cm', 'PRPG < 5CM', 'A'),
(5, 'JB001', 'Perepang 20 cm tetapi kurang daripada 30 cm dipangkal melebihi 2 meter panjang - Chengal', 'PRPG 20CM < 30CM, > 2 METER - CHENGAL', 'A'),
(5, 'JB002', 'Perepang 20 cm tetapi kurang daripada 30 cm dipangkal melebihi 2 meter panjang - Giam', 'PRPG 20CM < 30CM, > 2 METER - GIAM', 'A'),
(5, 'JB003', 'Perepang 20 cm tetapi kurang daripada 30 cm dipangkal melebihi 2 meter panjang - Merbau', 'PRPG 20CM < 30CM, > 2 METER - MERBAU', 'A'),
(5, 'JB004', 'Perepang 20 cm tetapi kurang daripada 30 cm dipangkal melebihi 2 meter panjang - Jati', 'PRPG 20CM < 30CM, > 2 METER - JATI', 'A'),
(5, 'JB005', 'Perepang 20 cm tetapi kurang daripada 30 cm dipangkal melebihi 2 meter panjang - Merpauh', 'PRPG 20CM < 30CM, > 2 METER - MERPAUH', 'A'),
(5, 'JB006', 'Perepang 20 cm tetapi kurang daripada 30 cm dipangkal melebihi 2 meter panjang - Mahogany', 'PRPG 20CM < 30CM, > 2 METER - MAHOGANY', 'A'),
(5, 'JB007', 'Perepang 20 cm tetapi kurang daripada 30 cm dipangkal melebihi 2 meter panjang - Ramin', 'PRPG 20CM < 30CM, > 2 METER - RAMIN', 'A'),
(5, 'JB008', 'Perepang 20 cm tetapi kurang daripada 30 cm dipangkal melebihi 2 meter panjang - Spesis Araucaria', 'PRPG 20CM < 30CM, > 2 METER - ARAUCIA', 'A'),
(5, 'JB009', 'Perepang 20 cm tetapi kurang daripada 30 cm dipangkal melebihi 2 meter panjang - Spesis Pine', 'PRPG 20CM < 30CM, > 2 METER - PINE', 'A'),
(5, 'JB010', 'Perepang 20 cm tetapi kurang daripada 30 cm dipangkal melebihi 2 meter panjang - Damar Minyak', 'PRPG 20CM < 30CM, > 2 METER - DMY', 'A'),
(5, 'JB011', 'Perepang 20 cm tetapi kurang daripada 30 cm dipangkal melebihi 2 meter panjang - Balau', 'PRPG 20CM < 30CM, > 2 METER - BALAU', 'A'),
(5, 'JB012', 'Perepang 20 cm tetapi kurang daripada 30 cm dipangkal melebihi 2 meter panjang - Balau Merah', 'PRPG 20CM < 30CM, > 2 METER - BLMH', 'A'),
(5, 'JB013', 'Perepang 20 cm tetapi kurang daripada 30 cm dipangkal melebihi 2 meter panjang - Bitis', 'PRPG 20CM < 30CM, > 2 METER - BITIS', 'A'),
(5, 'JB014', 'Perepang 20 cm tetapi kurang daripada 30 cm dipangkal melebihi 2 meter panjang - Keranji', 'PRPG 20CM < 30CM, > 2 METER - KERANJI', 'A'),
(5, 'JB015', 'Perepang 20 cm tetapi kurang daripada 30 cm dipangkal melebihi 2 meter panjang - Resak', 'PRPG 20CM < 30CM, > 2 METER - RESAK', 'A'),
(5, 'JB016', 'Perepang 20 cm tetapi kurang daripada 30 cm dipangkal melebihi 2 meter panjang - Kapor', 'PRPG 20CM < 30CM, > 2 METER - KAPOR', 'A'),
(5, 'JB017', 'Perepang 20 cm tetapi kurang daripada 30 cm dipangkal melebihi 2 meter panjang - Kasai', 'PRPG 20CM < 30CM, > 2 METER - KASAI', 'A'),
(5, 'JB018', 'Perepang 20 cm tetapi kurang daripada 30 cm dipangkal melebihi 2 meter panjang - Keladan', 'PRPG 20CM < 30CM, > 2 METER - KELADAN', 'A'),
(5, 'JB019', 'Perepang 20 cm tetapi kurang daripada 30 cm dipangkal melebihi 2 meter panjang - Keruing', 'PRPG 20CM < 30CM, > 2 METER - KERUING', 'A'),
(5, 'JB020', 'Perepang 20 cm tetapi kurang daripada 30 cm dipangkal melebihi 2 meter panjang - Kulim', 'PRPG 20CM < 30CM, > 2 METER - KULIM', 'A'),
(5, 'JB021', 'Perepang 20 cm tetapi kurang daripada 30 cm dipangkal melebihi 2 meter panjang - Mengkulang', 'PRPG 20CM < 30CM, > 2 METER - MNGKLG', 'A'),
(5, 'JB022', 'Perepang 20 cm tetapi kurang daripada 30 cm dipangkal melebihi 2 meter panjang - Punah', 'PRPG 20CM < 30CM, > 2 METER - PUNAH', 'A'),
(5, 'JB023', 'Perepang 20 cm tetapi kurang daripada 30 cm dipangkal melebihi 2 meter panjang - Rengas', 'PRPG 20CM < 30CM, > 2 METER - RENGAS', 'A'),
(5, 'JB024', 'Perepang 20 cm tetapi kurang daripada 30 cm dipangkal melebihi 2 meter panjang - Durian', 'PRPG 20CM < 30CM, > 2 METER - DURIAN', 'A'),
(5, 'JB025', 'Perepang 20 cm tetapi kurang daripada 30 cm dipangkal melebihi 2 meter panjang - Geronggang', 'PRPG 20CM < 30CM, > 2 METER - GG', 'A'),
(5, 'JB026', 'Perepang 20 cm tetapi kurang daripada 30 cm dipangkal melebihi 2 meter panjang - Jelutong', 'PRPG 20CM < 30CM, > 2 METER - JJLG', 'A'),
(5, 'JB027', 'Perepang 20 cm tetapi kurang daripada 30 cm dipangkal melebihi 2 meter panjang - Kedondong', 'PRPG 20CM < 30CM, > 2 METER - KD', 'A'),
(5, 'JB028', 'Perepang 20 cm tetapi kurang daripada 30 cm dipangkal melebihi 2 meter panjang - Kembang Semangkuk', 'PRPG 20CM < 30CM, > 2 METER - KSK', 'A'),
(5, 'JB029', 'Perepang 20 cm tetapi kurang daripada 30 cm dipangkal melebihi 2 meter panjang - Kungkur', 'PRPG 20CM < 30CM, > 2 METER - KUNGKUR', 'A'),
(5, 'JB030', 'Perepang 20 cm tetapi kurang daripada 30 cm dipangkal melebihi 2 meter panjang - Meranti Bakau', 'PRPG 20CM < 30CM, > 2 METER - MTBK', 'A'),
(5, 'JB031', 'Perepang 20 cm tetapi kurang daripada 30 cm dipangkal melebihi 2 meter panjang - Meranti Merah Tua', 'PRPG 20CM < 30CM, > 2 METER - MTT', 'A'),
(5, 'JB032', 'Perepang 20 cm tetapi kurang daripada 30 cm dipangkal melebihi 2 meter panjang - Meranti Merah Muda', 'PRPG 20CM < 30CM, > 2 METER - MTM', 'A'),
(5, 'JB033', 'Perepang 20 cm tetapi kurang daripada 30 cm dipangkal melebihi 2 meter panjang - Meranti Kuning', 'PRPG 20CM < 30CM, > 2 METER - DH', 'A'),
(5, 'JB034', 'Perepang 20 cm tetapi kurang daripada 30 cm dipangkal melebihi 2 meter panjang - Mersawa', 'PRPG 20CM < 30CM, > 2 METER - MERSAWA', 'A'),
(5, 'JB035', 'Perepang 20 cm tetapi kurang daripada 30 cm dipangkal melebihi 2 meter panjang - Nyatoh', 'PRPG 20CM < 30CM, > 2 METER - NYATOH', 'A'),
(5, 'JB036', 'Perepang 20 cm tetapi kurang daripada 30 cm dipangkal melebihi 2 meter panjang - Penarahan', 'PRPG 20CM < 30CM, > 2 METER - PNRHN', 'A'),
(5, 'JB037', 'Perepang 20 cm tetapi kurang daripada 30 cm dipangkal melebihi 2 meter panjang - Sesendok', 'PRPG 20CM < 30CM, > 2 METER - SESENDOK', 'A'),
(5, 'JB038', 'Perepang 20 cm tetapi kurang daripada 30 cm dipangkal melebihi 2 meter panjang - Lain-lain kayu', 'PRPG 20CM < 30CM, > 2 METER - LLK', 'A');

INSERT INTO TransactionForm (Code, Name, Status) VALUES
('1', 'Resit Persendirian', 'A'),
('2', 'Resit Daftar Kontraktor Pembangunan Hutan', 'A'),
('3', 'Resit Daftar Pengusaha/Kontraktor Pembalakan', 'A'),
('4', 'Resit Bayaran Kontraktor Pembangunan Hutan', 'A'),
('5', 'Resit Perbaharui Kontraktor Pembangunan Hutan', 'A'),
('6', 'Resit Daftar Lesen', 'A'),
('7', 'Resit Daftar Permit', 'A'),
('8', 'Resit Bayaran Pengusaha/Kontraktor Pembalakan', 'A'),
('9', 'Resit Perbaharui Pengusaha/Kontraktor Pembalakan', 'A'),
('10', 'Resit Bayaran Lesen', 'A'),
('11', 'Resit Perbaharui Lesen', 'A'),
('12', 'Resit Bayaran Permit', 'A'),
('13', 'Resit Perbaharui Permit', 'A'),
('14', 'Jurnal Royalti dan Ses', 'A'),
('15', 'Jurnal Dendaan', 'A'),
('16', 'Baucar Tutup Lesen', 'A'),
('17', 'Baucar Tutup Permit', 'A');

INSERT INTO PaymentType (Code, Name, Status) VALUES
('TU', 'Tunai', 'A'),
('CK', 'Cek', 'A'),
('KW', 'Kiriman Wang', 'A'),
('WP', 'Wang Pos', 'A'),
('DB', 'Draf Bank', 'A'),
('KK', 'Kad Kredit', 'A'),
('KD', 'Kad Debit', 'A'),
('MT', 'MEPS Tunai', 'A'),
('PT', 'Pindahan Telegraf/Makluman Kredit', 'A');

INSERT INTO Bank (Code, Name, Status) VALUES
('B01', 'HSBC BANK BERHAD', 'A'),
('B02', 'BANK KERJASAMA RAKYAT', 'A'),
('B03', 'ALLIANCE ISLAMIC BANK', 'A'),
('B04', 'BANK OF CHINA', 'A'),
('B05', 'BANK NEGARA MALAYSIA', 'A'),
('B06', 'CAGAMAS - SPI', 'A'),
('B07', 'J.P MORGAN CHASE', 'A'),
('B08', 'CITIBANK BERHAD', 'A'),
('B09', 'CIMB INVESTMENT BANK', 'A'),
('B10', 'CIMB INVESTMENT BANK - SPI', 'A'),
('B11', 'ALLIANCE INVESTMENT BANK BHD', 'A'),
('B12', 'ALLIANCE INVESTMENT BANK BHD - SPI', 'A'),
('B13', 'THE BANK OF NOVA SCOTIA', 'A'),
('B14', 'PUBLIC INVESTMENT BANK BHD', 'A'),
('B15', 'HONG LEONG BANK', 'A'),
('B16', 'LEMBAGA URUSAN DAN TABUNG HAJI', 'A'),
('B17', 'AL RAJHI BANKING AND INV CORP (M) ', 'A'),
('B18', 'BANK SIMPANAN NASIONAL ', 'A'),
('B19', 'CIMB BANK', 'A'),
('B20', 'MAYBANK INVESTMENT BANK BHD - SPI', 'A'),
('B21', 'CIMB ISLAMIC BANK', 'A'),
('B22', 'MAYBANK ISLAMIC BANK', 'A'),
('B23', 'BANK PERTANIAN / AGRO BANK', 'A'),
('B24', 'OCBC AL-AMIN BANK BERHAD', 'A'),
('B25', 'BANK PERTANIAN - SPI', 'A'),
('B26', 'SME BANK', 'A'),
('B27', 'SME BANK - SPI', 'A'),
('B28', 'AMISLAMIC BANK', 'A'),
('B29', 'BANK MUAMALAT MALAYSIA BERHAD', 'A'),
('B30', 'AFFIN ISLAMIC BANK', 'A'),
('B31', 'BANK SIMPANAN NASIONAL - SPI', 'A'),
('B32', 'HONG LEONG ISLAMIC BANK', 'A'),
('B33', 'RHB ISLAMIC BANK', 'A'),
('B34', 'RHB BANK', 'A'),
('B35', 'HSBC AMANAH', 'A'),
('B36', 'THE ROYAL BANK OF SCOTLAND BERHAD', 'A'),
('B37', 'AM INVESTMENT BANK BHD', 'A'),
('B38', 'MAYBANK INVESTMENT BANK BHD', 'A'),
('B39', 'BANGKOK BANK BERHAD', 'A'),
('B40', 'BANK OF AMERICA', 'A'),
('B41', 'CAGAMAS ', 'A'),
('B42', 'DEUTSCHE BANK', 'A'),
('B43', 'CITIBANK BERHAD - SPI ', 'A'),
('B44', 'KAF INVESTMENT - SPI', 'A'),
('B45', 'BANK ISLAM MALAYSIA BERHAD', 'A'),
('B46', 'KAF INVESTMENT', 'A'),
('B47', 'OCBC BANK', 'A'),
('B48', 'MIDF AMANAH INVESTMENT', 'A'),
('B49', 'STANDARD CHARTERED BANK BERHAD', 'A'),
('B50', 'AM INVESTMENT BANK BHD - SPI', 'A'),
('B51', 'MALAYAN BANKING BERHAD', 'A'),
('B52', 'PUBLIC BANK ', 'A'),
('B53', 'BANK OF TOKYO - MITSUBIBHI UFJ', 'A'),
('B54', 'UNITED OVERSEAS BANK', 'A'),
('B55', 'AFFIN BANK', 'A'),
('B56', 'ALLIANCE BANK ', 'A'),
('B57', 'AMBANK BERHAD', 'A'),
('B58', 'PUBLIC ISLAMIC ', 'A'),
('B59', 'KUWAIT FINANCE HOUSE', 'A'),
('B60', 'POS MALAYSIA', 'A');

INSERT INTO Unit (Code, Name, Status) VALUES
('1', 'Sebatang', 'A'),
('2', 'Semeter padu susun', 'A'),
('3', 'Tan', 'A'),
('4', '10% atas harga', 'A'),
('5', 'Sekilogram', 'A'),
('6', 'Setiap 100 keping', 'A');

INSERT INTO ChequeType (Code, Name, Status) VALUES
('CT', 'Cek Tempatan', 'A'),
('CS', 'Cek Sendiri', 'A'),
('BD', 'Bank Draft', 'A');

INSERT INTO ForestCategory (Code, Name, Status) VALUES
('HS', 'Hutan simpan', 'A'),
('HN', 'Hutan negeri', 'A'),
('TM', 'Tanah milik', 'A');

INSERT INTO LicenseStatus (Code, Name, Status) VALUES
('LS01', 'Bumiputra Perseorangan', 'A'),
('LS02', 'Bukan Bumiputra Perseorangan', 'A'),
('LS03', 'Bumiputra Syarikat', 'A'),
('LS04', 'Bukan Bumiputra Syarikat', 'A'),
('LS05', 'Usahasama Syarikat', 'A');

INSERT INTO LicenseType (Code, Name, Status) VALUES
('LT01', 'Lesen Pengambilan Hasil Hutan (Borang 1)', 'A'),
('LT02', 'Lesen Kecil Hutan (Borang 3)', 'A'),
('LT03', 'Lesen Pemindah (Borang 5)', 'A');

INSERT INTO MainRevenueRoyaltyRate VALUES
(1, 5, 1, 57, 28.5, 30, 5, 0.5, '2018-01-01', NULL, 'A'),
(2, 5, 2, 57, 28.5, 30, 5, 0.5, '2018-01-01', NULL, 'A'),
(3, 5, 3, 57, 28.5, 30, 5, 0.5, '2018-01-01', NULL, 'A'),
(4, 5, 4, 12, 6, 30, 0, 0, '2018-01-01', NULL, 'A'),
(5, 5, 5, 57, 28.5, 30, 5, 0.5, '2018-01-01', NULL, 'A'),
(6, 5, 6, 57, 28.5, 30, 5, 0.5, '2018-01-01', NULL, 'A'),
(7, 5, 7, 57, 28.5, 30, 5, 0.5, '2018-01-01', NULL, 'A'),
(8, 5, 8, 48, 24, 30, 5, 0.5, '2018-01-01', NULL, 'A'),
(9, 5, 9, 57, 28.5, 30, 5, 0.5, '2018-01-01', NULL, 'A'),
(10, 5, 10, 12, 6, 30, 0, 0, '2018-01-01', NULL, 'A'),
(11, 5, 11, 12, 6, 30, 0, 0, '2018-01-01', NULL, 'A'),
(12, 5, 12, 12, 6, 30, 0, 0, '2018-01-01', NULL, 'A'),
(13, 5, 13, 48, 24, 30, 5, 0.5, '2018-01-01', NULL, 'A'),
(14, 5, 14, 48, 24, 30, 5, 0.5, '2018-01-01', NULL, 'A'),
(15, 5, 15, 48, 24, 30, 5, 0.5, '2018-01-01', NULL, 'A'),
(16, 5, 16, 12, 6, 30, 0, 0, '2018-01-01', NULL, 'A'),
(17, 5, 17, 12, 6, 30, 0, 0, '2018-01-01', NULL, 'A'),
(18, 5, 18, 48, 24, 30, 5, 0.5, '2018-01-01', NULL, 'A'),
(19, 5, 19, 48, 24, 30, 5, 0.5, '2018-01-01', NULL, 'A'),
(20, 5, 20, 48, 24, 30, 5, 0.5, '2018-01-01', NULL, 'A'),
(21, 5, 21, 48, 24, 30, 5, 0.5, '2018-01-01', NULL, 'A'),
(22, 5, 22, 48, 24, 30, 5, 0.5, '2018-01-01', NULL, 'A'),
(23, 5, 23, 48, 24, 30, 5, 0.5, '2018-01-01', NULL, 'A'),
(24, 5, 24, 28, 14, 30, 5, 0.5, '2018-01-01', NULL, 'A'),
(25, 5, 25, 12, 6, 30, 0, 0, '2018-01-01', NULL, 'A'),
(26, 5, 26, 12, 6, 30, 0, 0, '2018-01-01', NULL, 'A'),
(27, 5, 27, 12, 6, 30, 0, 0, '2018-01-01', NULL, 'A'),
(28, 5, 28, 12, 6, 30, 0, 0, '2018-01-01', NULL, 'A'),
(29, 5, 29, 12, 6, 30, 0, 0, '2018-01-01', NULL, 'A'),
(30, 5, 30, 12, 6, 30, 0, 0, '2018-01-01', NULL, 'A'),
(31, 5, 31, 28, 14, 30, 5, 0.5, '2018-01-01', NULL, 'A'),
(32, 5, 32, 12, 6, 30, 0, 0, '2018-01-01', NULL, 'A'),
(33, 5, 33, 12, 6, 30, 0, 0, '2018-01-01', NULL, 'A'),
(34, 5, 34, 12, 6, 30, 0, 0, '2018-01-01', NULL, 'A'),
(35, 5, 35, 34, 17, 30, 5, 0.5, '2018-01-01', NULL, 'A'),
(36, 5, 36, 34, 17, 30, 5, 0.5, '2018-01-01', NULL, 'A'),
(37, 5, 37, 34, 17, 30, 5, 0.5, '2018-01-01', NULL, 'A'),
(38, 5, 38, 34, 17, 30, 5, 0.5, '2018-01-01', NULL, 'A'),
(39, 5, 39, 34, 17, 30, 5, 0.5, '2018-01-01', NULL, 'A'),
(40, 5, 40, 34, 17, 30, 5, 0.5, '2018-01-01', NULL, 'A'),
(41, 5, 41, 34, 17, 30, 5, 0.5, '2018-01-01', NULL, 'A'),
(42, 5, 42, 34, 17, 30, 5, 0.5, '2018-01-01', NULL, 'A'),
(43, 5, 43, 34, 17, 30, 5, 0.5, '2018-01-01', NULL, 'A'),
(44, 5, 44, 34, 17, 30, 5, 0.5, '2018-01-01', NULL, 'A'),
(45, 5, 45, 34, 17, 30, 5, 0.5, '2018-01-01', NULL, 'A'),
(46, 5, 46, 45, 22.5, 30, 5, 0.5, '2018-01-01', NULL, 'A'),
(47, 5, 47, 45, 22.5, 30, 5, 0.5, '2018-01-01', NULL, 'A'),
(48, 5, 48, 45, 22.5, 30, 5, 0.5, '2018-01-01', NULL, 'A'),
(49, 5, 49, 45, 22.5, 30, 5, 0.5, '2018-01-01', NULL, 'A'),
(50, 5, 50, 45, 22.5, 30, 5, 0.5, '2018-01-01', NULL, 'A'),
(51, 5, 51, 45, 22.5, 30, 5, 0.5, '2018-01-01', NULL, 'A'),
(52, 5, 52, 45, 22.5, 30, 5, 0.5, '2018-01-01', NULL, 'A'),
(53, 5, 53, 14, 7, 30, 5, 0.5, '2018-01-01', NULL, 'A'),
(54, 5, 54, 14, 7, 30, 5, 0.5, '2018-01-01', NULL, 'A'),
(55, 5, 55, 14, 7, 30, 5, 0.5, '2018-01-01', NULL, 'A'),
(56, 5, 56, 14, 7, 30, 5, 0.5, '2018-01-01', NULL, 'A'),
(57, 5, 57, 14, 7, 30, 5, 0.5, '2018-01-01', NULL, 'A'),
(58, 5, 58, 14, 7, 30, 5, 0.5, '2018-01-01', NULL, 'A'),
(59, 5, 59, 14, 7, 30, 5, 0.5, '2018-01-01', NULL, 'A'),
(60, 5, 60, 14, 7, 30, 5, 0.5, '2018-01-01', NULL, 'A'),
(61, 5, 61, 14, 7, 30, 5, 0.5, '2018-01-01', NULL, 'A'),
(62, 5, 62, 14, 7, 30, 5, 0.5, '2018-01-01', NULL, 'A'),
(63, 5, 63, 14, 7, 30, 5, 0.5, '2018-01-01', NULL, 'A'),
(64, 5, 64, 14, 7, 30, 5, 0.5, '2018-01-01', NULL, 'A'),
(65, 5, 65, 14, 7, 30, 5, 0.5, '2018-01-01', NULL, 'A'),
(66, 5, 66, 14, 7, 30, 5, 0.5, '2018-01-01', NULL, 'A'),
(67, 5, 67, 14, 7, 30, 5, 0.5, '2018-01-01', NULL, 'A'),
(68, 5, 68, 14, 7, 30, 5, 0.5, '2018-01-01', NULL, 'A'),
(69, 5, 69, 14, 7, 30, 5, 0.5, '2018-01-01', NULL, 'A'),
(70, 5, 70, 14, 7, 30, 5, 0.5, '2018-01-01', NULL, 'A'),
(71, 5, 71, 14, 7, 30, 5, 0.5, '2018-01-01', NULL, 'A'),
(72, 5, 72, 14, 7, 30, 5, 0.5, '2018-01-01', NULL, 'A'),
(73, 5, 73, 12, 6, 30, 5, 0.5, '2018-01-01', NULL, 'A'),
(74, 5, 74, 12, 6, 30, 5, 0.5, '2018-01-01', NULL, 'A'),
(75, 5, 75, 12, 6, 30, 5, 0.5, '2018-01-01', NULL, 'A'),
(76, 5, 76, 12, 6, 30, 5, 0.5, '2018-01-01', NULL, 'A'),
(77, 5, 77, 42, 21, 30, 5, 0.5, '2018-01-01', NULL, 'A'),
(78, 5, 78, 42, 21, 30, 5, 0.5, '2018-01-01', NULL, 'A'),
(79, 5, 79, 42, 21, 30, 5, 0.5, '2018-01-01', NULL, 'A'),
(80, 5, 80, 42, 21, 30, 5, 0.5, '2018-01-01', NULL, 'A'),
(81, 5, 81, 42, 21, 30, 5, 0.5, '2018-01-01', NULL, 'A'),
(82, 5, 82, 42, 21, 30, 5, 0.5, '2018-01-01', NULL, 'A'),
(83, 5, 83, 42, 21, 30, 5, 0.5, '2018-01-01', NULL, 'A'),
(84, 5, 84, 42, 21, 30, 5, 0.5, '2018-01-01', NULL, 'A'),
(85, 5, 85, 42, 21, 30, 5, 0.5, '2018-01-01', NULL, 'A'),
(86, 5, 86, 42, 21, 30, 5, 0.5, '2018-01-01', NULL, 'A'),
(87, 5, 87, 42, 21, 30, 5, 0.5, '2018-01-01', NULL, 'A'),
(88, 5, 88, 42, 21, 30, 5, 0.5, '2018-01-01', NULL, 'A'),
(89, 5, 89, 42, 21, 30, 5, 0.5, '2018-01-01', NULL, 'A'),
(90, 5, 90, 42, 21, 30, 5, 0.5, '2018-01-01', NULL, 'A'),
(91, 5, 91, 42, 21, 30, 5, 0.5, '2018-01-01', NULL, 'A'),
(92, 5, 92, 42, 21, 30, 5, 0.5, '2018-01-01', NULL, 'A'),
(93, 5, 93, 42, 21, 30, 5, 0.5, '2018-01-01', NULL, 'A'),
(94, 5, 94, 42, 21, 30, 5, 0.5, '2018-01-01', NULL, 'A'),
(95, 5, 95, 42, 21, 30, 5, 0.5, '2018-01-01', NULL, 'A'),
(96, 5, 96, 42, 21, 30, 5, 0.5, '2018-01-01', NULL, 'A'),
(97, 5, 97, 42, 21, 30, 5, 0.5, '2018-01-01', NULL, 'A'),
(98, 5, 98, 42, 21, 30, 5, 0.5, '2018-01-01', NULL, 'A'),
(99, 5, 99, 42, 21, 30, 5, 0.5, '2018-01-01', NULL, 'A'),
(100, 5, 100, 42, 21, 30, 5, 0.5, '2018-01-01', NULL, 'A'),
(101, 5, 101, 42, 21, 30, 5, 0.5, '2018-01-01', NULL, 'A'),
(102, 5, 102, 42, 21, 30, 5, 0.5, '2018-01-01', NULL, 'A'),
(103, 5, 103, 42, 21, 30, 5, 0.5, '2018-01-01', NULL, 'A'),
(104, 5, 104, 42, 21, 30, 5, 0.5, '2018-01-01', NULL, 'A'),
(105, 5, 105, 42, 21, 30, 5, 0.5, '2018-01-01', NULL, 'A'),
(106, 5, 106, 42, 21, 30, 5, 0.5, '2018-01-01', NULL, 'A'),
(107, 5, 107, 42, 21, 30, 5, 0.5, '2018-01-01', NULL, 'A'),
(108, 5, 108, 42, 21, 30, 5, 0.5, '2018-01-01', NULL, 'A'),
(109, 5, 109, 42, 21, 30, 5, 0.5, '2018-01-01', NULL, 'A'),
(110, 5, 110, 38, 19, 30, 5, 0.5, '2018-01-01', NULL, 'A'),
(111, 5, 111, 38, 19, 30, 5, 0.5, '2018-01-01', NULL, 'A'),
(112, 5, 112, 44, 22, 30, 5, 0.5, '2018-01-01', NULL, 'A'),
(113, 5, 113, 44, 22, 30, 5, 0.5, '2018-01-01', NULL, 'A'),
(114, 5, 114, 44, 22, 30, 5, 0.5, '2018-01-01', NULL, 'A'),
(115, 5, 115, 44, 22, 30, 5, 0.5, '2018-01-01', NULL, 'A'),
(116, 5, 116, 44, 22, 30, 5, 0.5, '2018-01-01', NULL, 'A'),
(117, 5, 117, 44, 22, 30, 5, 0.5, '2018-01-01', NULL, 'A'),
(118, 5, 118, 44, 22, 30, 5, 0.5, '2018-01-01', NULL, 'A'),
(119, 5, 119, 44, 22, 30, 5, 0.5, '2018-01-01', NULL, 'A'),
(120, 5, 120, 44, 22, 30, 5, 0.5, '2018-01-01', NULL, 'A'),
(121, 5, 121, 44, 22, 30, 5, 0.5, '2018-01-01', NULL, 'A'),
(122, 5, 122, 44, 22, 30, 5, 0.5, '2018-01-01', NULL, 'A'),
(123, 5, 123, 44, 22, 30, 5, 0.5, '2018-01-01', NULL, 'A'),
(124, 5, 124, 44, 22, 30, 5, 0.5, '2018-01-01', NULL, 'A'),
(125, 5, 125, 44, 22, 30, 5, 0.5, '2018-01-01', NULL, 'A'),
(126, 5, 126, 44, 22, 30, 5, 0.5, '2018-01-01', NULL, 'A'),
(127, 5, 127, 44, 22, 30, 5, 0.5, '2018-01-01', NULL, 'A'),
(128, 5, 128, 44, 22, 30, 5, 0.5, '2018-01-01', NULL, 'A'),
(129, 5, 129, 44, 22, 30, 5, 0.5, '2018-01-01', NULL, 'A'),
(130, 5, 130, 147, 73.5, 30, 5, 0.5, '2018-01-01', NULL, 'A'),
(131, 5, 131, 89, 44.5, 30, 5, 0.5, '2018-01-01', NULL, 'A'),
(132, 5, 132, 89, 44.5, 30, 5, 0.5, '2018-01-01', NULL, 'A'),
(133, 5, 133, 89, 44.5, 30, 5, 0.5, '2018-01-01', NULL, 'A'),
(134, 5, 134, 89, 44.5, 30, 5, 0.5, '2018-01-01', NULL, 'A'),
(135, 5, 135, 89, 44.5, 30, 5, 0.5, '2018-01-01', NULL, 'A'),
(136, 5, 136, 89, 44.5, 30, 5, 0.5, '2018-01-01', NULL, 'A'),
(137, 5, 137, 89, 44.5, 30, 5, 0.5, '2018-01-01', NULL, 'A'),
(138, 5, 138, 89, 44.5, 30, 5, 0.5, '2018-01-01', NULL, 'A'),
(139, 5, 139, 89, 44.5, 30, 5, 0.5, '2018-01-01', NULL, 'A'),
(140, 5, 140, 89, 44.5, 30, 5, 0.5, '2018-01-01', NULL, 'A'),
(141, 5, 141, 42, 21, 30, 5, 0.5, '2018-01-01', NULL, 'A'),
(142, 5, 142, 42, 21, 30, 5, 0.5, '2018-01-01', NULL, 'A'),
(143, 5, 143, 42, 21, 30, 5, 0.5, '2018-01-01', NULL, 'A'),
(144, 5, 144, 42, 21, 30, 5, 0.5, '2018-01-01', NULL, 'A'),
(145, 5, 145, 42, 21, 30, 5, 0.5, '2018-01-01', NULL, 'A'),
(146, 5, 146, 42, 21, 30, 5, 0.5, '2018-01-01', NULL, 'A'),
(147, 5, 147, 42, 21, 30, 5, 0.5, '2018-01-01', NULL, 'A'),
(148, 5, 148, 42, 21, 30, 5, 0.5, '2018-01-01', NULL, 'A'),
(149, 5, 149, 42, 21, 30, 5, 0.5, '2018-01-01', NULL, 'A'),
(150, 5, 150, 42, 21, 30, 5, 0.5, '2018-01-01', NULL, 'A'),
(151, 5, 151, 42, 21, 30, 5, 0.5, '2018-01-01', NULL, 'A'),
(152, 5, 152, 42, 21, 30, 5, 0.5, '2018-01-01', NULL, 'A'),
(153, 5, 153, 42, 21, 30, 5, 0.5, '2018-01-01', NULL, 'A'),
(154, 5, 154, 42, 21, 30, 5, 0.5, '2018-01-01', NULL, 'A'),
(155, 5, 155, 42, 21, 30, 5, 0.5, '2018-01-01', NULL, 'A'),
(156, 5, 156, 42, 21, 30, 5, 0.5, '2018-01-01', NULL, 'A'),
(157, 5, 157, 42, 21, 30, 5, 0.5, '2018-01-01', NULL, 'A'),
(158, 5, 158, 42, 21, 30, 5, 0.5, '2018-01-01', NULL, 'A'),
(159, 5, 159, 42, 21, 30, 5, 0.5, '2018-01-01', NULL, 'A'),
(160, 5, 160, 42, 21, 30, 5, 0.5, '2018-01-01', NULL, 'A'),
(161, 5, 161, 42, 21, 30, 5, 0.5, '2018-01-01', NULL, 'A'),
(162, 5, 162, 42, 21, 30, 5, 0.5, '2018-01-01', NULL, 'A'),
(163, 5, 163, 42, 21, 30, 5, 0.5, '2018-01-01', NULL, 'A'),
(164, 5, 164, 12, 6, 30, 8, 0.8, '2018-01-01', NULL, 'A'),
(165, 5, 165, 12, 6, 30, 8, 0.8, '2018-01-01', NULL, 'A'),
(166, 5, 166, 12, 6, 30, 0, 0, '2018-01-01', NULL, 'A'),
(167, 5, 167, 12, 6, 30, 5, 0.5, '2018-01-01', NULL, 'A'),
(168, 5, 168, 12, 6, 30, 0, 0, '2018-01-01', NULL, 'A'),
(169, 5, 169, 12, 6, 30, 0, 0, '2018-01-01', NULL, 'A'),
(170, 5, 170, 15, 7.5, 30, 5, 0.5, '2018-01-01', NULL, 'A'),
(171, 5, 171, 15, 7.5, 30, 5, 0.5, '2018-01-01', NULL, 'A'),
(172, 5, 172, 15, 7.5, 30, 5, 0.5, '2018-01-01', NULL, 'A'),
(173, 5, 173, 15, 7.5, 30, 5, 0.5, '2018-01-01', NULL, 'A'),
(174, 5, 174, 15, 7.5, 30, 5, 0.5, '2018-01-01', NULL, 'A'),
(175, 5, 175, 15, 7.5, 30, 5, 0.5, '2018-01-01', NULL, 'A'),
(176, 5, 176, 15, 7.5, 30, 5, 0.5, '2018-01-01', NULL, 'A'),
(177, 5, 177, 15, 7.5, 30, 5, 0.5, '2018-01-01', NULL, 'A'),
(178, 5, 178, 15, 7.5, 30, 5, 0.5, '2018-01-01', NULL, 'A'),
(179, 5, 179, 15, 7.5, 30, 5, 0.5, '2018-01-01', NULL, 'A'),
(180, 5, 180, 15, 7.5, 30, 5, 0.5, '2018-01-01', NULL, 'A'),
(181, 5, 181, 15, 7.5, 30, 5, 0.5, '2018-01-01', NULL, 'A'),
(182, 5, 182, 15, 7.5, 30, 5, 0.5, '2018-01-01', NULL, 'A'),
(183, 5, 183, 15, 7.5, 30, 5, 0.5, '2018-01-01', NULL, 'A'),
(184, 5, 184, 15, 7.5, 30, 5, 0.5, '2018-01-01', NULL, 'A'),
(185, 5, 185, 15, 7.5, 30, 5, 0.5, '2018-01-01', NULL, 'A'),
(186, 5, 186, 15, 7.5, 30, 5, 0.5, '2018-01-01', NULL, 'A'),
(187, 5, 187, 15, 7.5, 30, 5, 0.5, '2018-01-01', NULL, 'A'),
(188, 5, 188, 15, 7.5, 30, 5, 0.5, '2018-01-01', NULL, 'A'),
(189, 5, 189, 12, 6, 30, 0, 0, '2018-01-01', NULL, 'A'),
(190, 5, 190, 12, 6, 30, 0, 0, '2018-01-01', NULL, 'A'),
(191, 5, 191, 12, 6, 30, 0, 0, '2018-01-01', NULL, 'A'),
(192, 5, 192, 12, 6, 30, 0, 0, '2018-01-01', NULL, 'A'),
(193, 5, 193, 89, 44.5, 30, 5, 0.5, '2018-01-01', NULL, 'A'),
(194, 5, 194, 12, 6, 30, 0, 0, '2018-01-01', NULL, 'A'),
(195, 5, 195, 12, 6, 30, 0, 0, '2018-01-01', NULL, 'A'),
(196, 5, 196, 60, 30, 30, 5, 0.5, '2018-01-01', NULL, 'A'),
(197, 5, 197, 60, 30, 30, 5, 0.5, '2018-01-01', NULL, 'A'),
(198, 5, 198, 60, 30, 30, 5, 0.5, '2018-01-01', NULL, 'A'),
(199, 5, 199, 60, 30, 30, 5, 0.5, '2018-01-01', NULL, 'A'),
(200, 5, 200, 60, 30, 30, 5, 0.5, '2018-01-01', NULL, 'A'),
(201, 5, 201, 60, 30, 30, 5, 0.5, '2018-01-01', NULL, 'A'),
(202, 5, 202, 60, 30, 30, 5, 0.5, '2018-01-01', NULL, 'A'),
(203, 5, 203, 60, 30, 30, 5, 0.5, '2018-01-01', NULL, 'A'),
(204, 5, 204, 60, 30, 30, 5, 0.5, '2018-01-01', NULL, 'A'),
(205, 5, 205, 60, 30, 30, 5, 0.5, '2018-01-01', NULL, 'A'),
(206, 5, 206, 60, 30, 30, 5, 0.5, '2018-01-01', NULL, 'A'),
(207, 5, 207, 60, 30, 30, 5, 0.5, '2018-01-01', NULL, 'A'),
(208, 5, 208, 12, 6, 30, 0, 0, '2018-01-01', NULL, 'A'),
(209, 5, 209, 47, 23.5, 30, 5, 0.5, '2018-01-01', NULL, 'A'),
(210, 5, 210, 47, 23.5, 30, 5, 0.5, '2018-01-01', NULL, 'A'),
(211, 5, 211, 47, 23.5, 30, 5, 0.5, '2018-01-01', NULL, 'A'),
(212, 5, 212, 47, 23.5, 30, 5, 0.5, '2018-01-01', NULL, 'A'),
(213, 5, 213, 47, 23.5, 30, 5, 0.5, '2018-01-01', NULL, 'A'),
(214, 5, 214, 12, 6, 30, 0, 0, '2018-01-01', NULL, 'A'),
(215, 5, 215, 12, 6, 30, 0, 0, '2018-01-01', NULL, 'A'),
(216, 5, 216, 12, 6, 30, 0, 0, '2018-01-01', NULL, 'A'),
(217, 5, 217, 12, 6, 30, 0, 0, '2018-01-01', NULL, 'A'),
(218, 5, 218, 12, 6, 30, 0, 0, '2018-01-01', NULL, 'A'),
(219, 5, 219, 12, 6, 30, 0, 0, '2018-01-01', NULL, 'A'),
(220, 5, 220, 12, 6, 30, 0, 0, '2018-01-01', NULL, 'A'),
(221, 5, 221, 12, 6, 30, 0, 0, '2018-01-01', NULL, 'A'),
(222, 5, 222, 51, 25.5, 30, 5, 0.5, '2018-01-01', NULL, 'A'),
(223, 5, 223, 12, 6, 30, 0, 0, '2018-01-01', NULL, 'A'),
(224, 5, 224, 51, 25.5, 30, 5, 0.5, '2018-01-01', NULL, 'A'),
(225, 5, 225, 51, 25.5, 30, 5, 0.5, '2018-01-01', NULL, 'A'),
(226, 5, 226, 51, 25.5, 30, 5, 0.5, '2018-01-01', NULL, 'A'),
(227, 5, 227, 51, 25.5, 30, 5, 0.5, '2018-01-01', NULL, 'A'),
(228, 5, 228, 12, 6, 30, 0, 0, '2018-01-01', NULL, 'A'),
(229, 5, 229, 55, 27.5, 30, 5, 0.5, '2018-01-01', NULL, 'A'),
(230, 5, 230, 55, 27.5, 30, 5, 0.5, '2018-01-01', NULL, 'A'),
(231, 5, 231, 55, 27.5, 30, 5, 0.5, '2018-01-01', NULL, 'A'),
(232, 5, 232, 55, 27.5, 30, 5, 0.5, '2018-01-01', NULL, 'A'),
(233, 5, 233, 55, 27.5, 30, 5, 0.5, '2018-01-01', NULL, 'A'),
(234, 5, 234, 55, 27.5, 30, 5, 0.5, '2018-01-01', NULL, 'A'),
(235, 5, 235, 55, 27.5, 30, 5, 0.5, '2018-01-01', NULL, 'A'),
(236, 5, 236, 55, 27.5, 30, 5, 0.5, '2018-01-01', NULL, 'A'),
(237, 5, 237, 55, 27.5, 30, 5, 0.5, '2018-01-01', NULL, 'A'),
(238, 5, 238, 55, 27.5, 30, 5, 0.5, '2018-01-01', NULL, 'A'),
(239, 5, 239, 55, 27.5, 30, 5, 0.5, '2018-01-01', NULL, 'A'),
(240, 5, 240, 55, 27.5, 30, 5, 0.5, '2018-01-01', NULL, 'A'),
(241, 5, 241, 55, 27.5, 30, 5, 0.5, '2018-01-01', NULL, 'A'),
(242, 5, 242, 55, 27.5, 30, 5, 0.5, '2018-01-01', NULL, 'A'),
(243, 5, 243, 55, 27.5, 30, 5, 0.5, '2018-01-01', NULL, 'A'),
(244, 5, 244, 55, 27.5, 30, 5, 0.5, '2018-01-01', NULL, 'A'),
(245, 5, 245, 55, 27.5, 30, 5, 0.5, '2018-01-01', NULL, 'A'),
(246, 5, 246, 12, 6, 30, 5, 0.5, '2018-01-01', NULL, 'A'),
(247, 5, 247, 12, 6, 30, 5, 0.5, '2018-01-01', NULL, 'A'),
(248, 5, 248, 12, 6, 30, 5, 0.5, '2018-01-01', NULL, 'A'),
(249, 5, 249, 12, 6, 30, 5, 0.5, '2018-01-01', NULL, 'A'),
(250, 5, 250, 25, 12.5, 30, 5, 0.5, '2018-01-01', NULL, 'A'),
(251, 5, 251, 25, 12.5, 30, 5, 0.5, '2018-01-01', NULL, 'A'),
(252, 5, 252, 25, 12.5, 30, 5, 0.5, '2018-01-01', NULL, 'A'),
(253, 5, 253, 25, 12.5, 30, 5, 0.5, '2018-01-01', NULL, 'A'),
(254, 5, 254, 25, 12.5, 30, 5, 0.5, '2018-01-01', NULL, 'A'),
(255, 5, 255, 12, 6, 30, 5, 0.5, '2018-01-01', NULL, 'A'),
(256, 5, 256, 12, 6, 30, 5, 0.5, '2018-01-01', NULL, 'A'),
(257, 5, 257, 12, 6, 30, 5, 0.5, '2018-01-01', NULL, 'A'),
(258, 5, 258, 12, 6, 30, 5, 0.5, '2018-01-01', NULL, 'A'),
(259, 5, 259, 12, 6, 30, 5, 0.5, '2018-01-01', NULL, 'A'),
(260, 5, 260, 12, 6, 30, 5, 0.5, '2018-01-01', NULL, 'A'),
(261, 5, 261, 12, 6, 30, 5, 0.5, '2018-01-01', NULL, 'A'),
(262, 5, 262, 12, 6, 30, 5, 0.5, '2018-01-01', NULL, 'A'),
(263, 5, 263, 12, 6, 30, 5, 0.5, '2018-01-01', NULL, 'A'),
(264, 5, 264, 12, 6, 30, 0, 0, '2018-01-01', NULL, 'A'),
(265, 5, 265, 12, 6, 30, 0, 0, '2018-01-01', NULL, 'A'),
(266, 5, 266, 12, 6, 30, 0, 0, '2018-01-01', NULL, 'A'),
(267, 5, 267, 12, 6, 30, 0, 0, '2018-01-01', NULL, 'A'),
(268, 5, 268, 12, 6, 30, 0, 0, '2018-01-01', NULL, 'A'),
(269, 5, 269, 12, 6, 30, 0, 0, '2018-01-01', NULL, 'A'),
(270, 5, 270, 62, 31, 30, 5, 0.5, '2018-01-01', NULL, 'A'),
(271, 5, 271, 62, 31, 30, 5, 0.5, '2018-01-01', NULL, 'A'),
(272, 5, 272, 62, 31, 30, 5, 0.5, '2018-01-01', NULL, 'A'),
(273, 5, 273, 25, 12.5, 30, 5, 0.5, '2018-01-01', NULL, 'A'),
(274, 5, 274, 12, 6, 30, 0, 0, '2018-01-01', NULL, 'A'),
(275, 5, 275, 34, 17, 30, 5, 0.5, '2018-01-01', NULL, 'A'),
(276, 5, 276, 34, 17, 30, 5, 0.5, '2018-01-01', NULL, 'A'),
(277, 5, 277, 34, 17, 30, 5, 0.5, '2018-01-01', NULL, 'A'),
(278, 5, 278, 34, 17, 30, 5, 0.5, '2018-01-01', NULL, 'A'),
(279, 5, 279, 34, 17, 30, 5, 0.5, '2018-01-01', NULL, 'A'),
(280, 5, 280, 34, 17, 30, 5, 0.5, '2018-01-01', NULL, 'A'),
(281, 5, 281, 34, 17, 30, 5, 0.5, '2018-01-01', NULL, 'A'),
(282, 5, 282, 34, 17, 30, 5, 0.5, '2018-01-01', NULL, 'A'),
(283, 5, 283, 12, 6, 30, 0, 0, '2018-01-01', NULL, 'A'),
(284, 5, 284, 43, 21.5, 30, 5, 0.5, '2018-01-01', NULL, 'A'),
(285, 5, 285, 37, 18.5, 30, 5, 0.5, '2018-01-01', NULL, 'A'),
(286, 5, 286, 12, 6, 30, 0, 0, '2018-01-01', NULL, 'A'),
(287, 5, 287, 12, 6, 30, 5, 0.5, '2018-01-01', NULL, 'A'),
(288, 5, 288, 15, 7.5, 30, 5, 0.5, '2018-01-01', NULL, 'A'),
(289, 5, 289, 12, 6, 30, 0, 0, '2018-01-01', NULL, 'A'),
(290, 5, 290, 15, 7.5, 30, 5, 0.5, '2018-01-01', NULL, 'A'),
(291, 5, 291, 12, 6, 30, 0, 0, '2018-01-01', NULL, 'A'),
(292, 5, 292, 12, 6, 30, 0, 0, '2018-01-01', NULL, 'A'),
(293, 5, 293, 12, 6, 30, 0, 0, '2018-01-01', NULL, 'A'),
(294, 5, 294, 25, 12.5, 30, 5, 0.5, '2018-01-01', NULL, 'A'),
(295, 5, 295, 12, 6, 30, 5, 0.5, '2018-01-01', NULL, 'A'),
(296, 5, 296, 12, 6, 30, 5, 0.5, '2018-01-01', NULL, 'A'),
(297, 5, 297, 12, 6, 30, 5, 0.5, '2018-01-01', NULL, 'A'),
(298, 5, 298, 12, 6, 30, 5, 0.5, '2018-01-01', NULL, 'A'),
(299, 5, 299, 12, 6, 30, 5, 0.5, '2018-01-01', NULL, 'A'),
(300, 5, 300, 12, 6, 30, 5, 0.5, '2018-01-01', NULL, 'A'),
(301, 5, 301, 12, 6, 30, 5, 0.5, '2018-01-01', NULL, 'A'),
(302, 5, 302, 12, 6, 30, 5, 0.5, '2018-01-01', NULL, 'A'),
(303, 5, 303, 12, 6, 30, 5, 0.5, '2018-01-01', NULL, 'A'),
(304, 5, 304, 12, 6, 30, 0, 0, '2018-01-01', NULL, 'A'),
(305, 5, 305, 12, 6, 30, 0, 0, '2018-01-01', NULL, 'A'),
(306, 5, 306, 12, 6, 30, 0, 0, '2018-01-01', NULL, 'A'),
(307, 5, 307, 12, 6, 30, 0, 0, '2018-01-01', NULL, 'A'),
(308, 5, 308, 12, 6, 30, 0, 0, '2018-01-01', NULL, 'A'),
(309, 5, 309, 12, 6, 30, 0, 0, '2018-01-01', NULL, 'A'),
(310, 5, 310, 12, 6, 30, 0, 0, '2018-01-01', NULL, 'A'),
(311, 5, 311, 89, 44.5, 30, 5, 0.5, '2018-01-01', NULL, 'A'),
(312, 5, 312, 12, 6, 30, 0, 0, '2018-01-01', NULL, 'A'),
(313, 5, 313, 12, 6, 30, 0, 0, '2018-01-01', NULL, 'A'),
(314, 5, 314, 12, 6, 30, 0, 0, '2018-01-01', NULL, 'A'),
(315, 5, 315, 12, 6, 30, 0, 0, '2018-01-01', NULL, 'A'),
(316, 5, 316, 12, 6, 30, 0, 0, '2018-01-01', NULL, 'A'),
(317, 5, 317, 40, 20, 30, 5, 0.5, '2018-01-01', NULL, 'A'),
(318, 5, 318, 40, 20, 30, 5, 0.5, '2018-01-01', NULL, 'A'),
(319, 5, 319, 40, 20, 30, 5, 0.5, '2018-01-01', NULL, 'A'),
(320, 5, 320, 40, 20, 30, 5, 0.5, '2018-01-01', NULL, 'A'),
(321, 5, 321, 40, 20, 30, 5, 0.5, '2018-01-01', NULL, 'A'),
(322, 5, 322, 40, 20, 30, 5, 0.5, '2018-01-01', NULL, 'A'),
(323, 5, 323, 40, 20, 30, 5, 0.5, '2018-01-01', NULL, 'A'),
(324, 5, 324, 40, 20, 30, 5, 0.5, '2018-01-01', NULL, 'A'),
(325, 5, 325, 40, 20, 30, 5, 0.5, '2018-01-01', NULL, 'A'),
(326, 5, 326, 40, 20, 30, 5, 0.5, '2018-01-01', NULL, 'A'),
(327, 5, 327, 40, 20, 30, 5, 0.5, '2018-01-01', NULL, 'A'),
(328, 5, 328, 40, 20, 30, 5, 0.5, '2018-01-01', NULL, 'A'),
(329, 5, 329, 40, 20, 30, 5, 0.5, '2018-01-01', NULL, 'A'),
(330, 5, 330, 40, 20, 30, 5, 0.5, '2018-01-01', NULL, 'A'),
(331, 5, 331, 40, 20, 30, 5, 0.5, '2018-01-01', NULL, 'A'),
(332, 5, 332, 40, 20, 30, 5, 0.5, '2018-01-01', NULL, 'A'),
(333, 5, 333, 40, 20, 30, 5, 0.5, '2018-01-01', NULL, 'A'),
(334, 5, 334, 40, 20, 30, 5, 0.5, '2018-01-01', NULL, 'A'),
(335, 5, 335, 12, 6, 30, 0, 0, '2018-01-01', NULL, 'A'),
(336, 5, 336, 12, 6, 30, 0, 0, '2018-01-01', NULL, 'A'),
(337, 5, 337, 12, 6, 30, 0, 0, '2018-01-01', NULL, 'A'),
(338, 5, 338, 12, 6, 30, 0, 0, '2018-01-01', NULL, 'A'),
(339, 5, 339, 12, 6, 30, 5, 0.5, '2018-01-01', NULL, 'A'),
(340, 5, 340, 48, 24, 30, 5, 0.5, '2018-01-01', NULL, 'A'),
(341, 5, 341, 48, 24, 30, 5, 0.5, '2018-01-01', NULL, 'A'),
(342, 5, 342, 48, 24, 30, 5, 0.5, '2018-01-01', NULL, 'A'),
(343, 5, 343, 48, 24, 30, 5, 0.5, '2018-01-01', NULL, 'A'),
(344, 5, 344, 48, 24, 30, 5, 0.5, '2018-01-01', NULL, 'A'),
(345, 5, 345, 12, 6, 30, 5, 0.5, '2018-01-01', NULL, 'A'),
(346, 5, 346, 12, 6, 30, 5, 0.5, '2018-01-01', NULL, 'A'),
(347, 5, 347, 12, 6, 30, 0, 0, '2018-01-01', NULL, 'A'),
(348, 5, 348, 12, 6, 30, 0, 0, '2018-01-01', NULL, 'A'),
(349, 5, 349, 12, 6, 30, 0, 0, '2018-01-01', NULL, 'A'),
(350, 5, 350, 12, 6, 30, 0, 0, '2018-01-01', NULL, 'A'),
(351, 5, 351, 12, 6, 30, 0, 0, '2018-01-01', NULL, 'A'),
(352, 5, 352, 12, 6, 30, 5, 0.5, '2018-01-01', NULL, 'A'),
(353, 5, 353, 12, 6, 30, 0, 0, '2018-01-01', NULL, 'A'),
(354, 5, 354, 12, 6, 30, 0, 0, '2018-01-01', NULL, 'A'),
(355, 5, 355, 12, 6, 30, 0, 0, '2018-01-01', NULL, 'A'),
(356, 5, 356, 12, 6, 30, 0, 0, '2018-01-01', NULL, 'A'),
(357, 5, 357, 12, 6, 30, 0, 0, '2018-01-01', NULL, 'A'),
(358, 5, 358, 12, 6, 30, 0, 0, '2018-01-01', NULL, 'A'),
(359, 5, 359, 12, 6, 30, 0, 0, '2018-01-01', NULL, 'A'),
(360, 5, 360, 12, 6, 30, 0, 0, '2018-01-01', NULL, 'A'),
(361, 5, 361, 12, 6, 30, 0, 0, '2018-01-01', NULL, 'A'),
(362, 5, 362, 12, 6, 30, 0, 0, '2018-01-01', NULL, 'A'),
(363, 5, 363, 12, 6, 30, 0, 0, '2018-01-01', NULL, 'A'),
(364, 5, 364, 12, 6, 30, 0, 0, '2018-01-01', NULL, 'A'),
(365, 5, 365, 12, 6, 30, 0, 0, '2018-01-01', NULL, 'A'),
(366, 5, 366, 14, 7, 30, 5, 0.5, '2018-01-01', NULL, 'A'),
(367, 5, 367, 14, 7, 30, 5, 0.5, '2018-01-01', NULL, 'A'),
(368, 5, 368, 14, 7, 30, 5, 0.5, '2018-01-01', NULL, 'A'),
(369, 5, 369, 14, 7, 30, 5, 0.5, '2018-01-01', NULL, 'A'),
(370, 5, 370, 42, 21, 30, 5, 0.5, '2018-01-01', NULL, 'A'),
(371, 5, 371, 12, 6, 30, 5, 0.5, '2018-01-01', NULL, 'A'),
(372, 5, 372, 12, 6, 30, 5, 0.5, '2018-01-01', NULL, 'A'),
(373, 5, 373, 12, 6, 30, 0, 0, '2018-01-01', NULL, 'A'),
(374, 5, 374, 12, 6, 30, 0, 0, '2018-01-01', NULL, 'A'),
(375, 5, 375, 12, 6, 30, 0, 0, '2018-01-01', NULL, 'A'),
(376, 5, 376, 12, 6, 30, 0, 0, '2018-01-01', NULL, 'A'),
(377, 5, 377, 12, 6, 30, 0, 0, '2018-01-01', NULL, 'A'),
(378, 5, 378, 12, 6, 30, 0, 0, '2018-01-01', NULL, 'A'),
(379, 5, 379, 88, 44, 30, 5, 0.5, '2018-01-01', NULL, 'A'),
(380, 5, 380, 88, 44, 30, 5, 0.5, '2018-01-01', NULL, 'A'),
(381, 5, 381, 88, 44, 30, 5, 0.5, '2018-01-01', NULL, 'A'),
(382, 5, 382, 88, 44, 30, 5, 0.5, '2018-01-01', NULL, 'A'),
(383, 5, 383, 88, 44, 30, 5, 0.5, '2018-01-01', NULL, 'A'),
(384, 5, 384, 41, 20.5, 30, 5, 0.5, '2018-01-01', NULL, 'A'),
(385, 5, 385, 41, 20.5, 30, 5, 0.5, '2018-01-01', NULL, 'A'),
(386, 5, 386, 41, 20.5, 30, 5, 0.5, '2018-01-01', NULL, 'A'),
(387, 5, 387, 41, 20.5, 30, 5, 0.5, '2018-01-01', NULL, 'A'),
(388, 5, 388, 12, 6, 30, 0, 0, '2018-01-01', NULL, 'A'),
(389, 5, 389, 12, 6, 30, 0, 0, '2018-01-01', NULL, 'A'),
(390, 5, 390, 12, 6, 30, 0, 0, '2018-01-01', NULL, 'A'),
(391, 5, 391, 24, 12, 30, 5, 0.5, '2018-01-01', NULL, 'A'),
(392, 5, 392, 24, 12, 30, 5, 0.5, '2018-01-01', NULL, 'A'),
(393, 5, 393, 24, 12, 30, 5, 0.5, '2018-01-01', NULL, 'A'),
(394, 5, 394, 24, 12, 30, 5, 0.5, '2018-01-01', NULL, 'A'),
(395, 5, 395, 24, 12, 30, 5, 0.5, '2018-01-01', NULL, 'A'),
(396, 5, 396, 24, 12, 30, 5, 0.5, '2018-01-01', NULL, 'A'),
(397, 5, 397, 54, 27, 30, 5, 0.5, '2018-01-01', NULL, 'A'),
(398, 5, 398, 12, 6, 30, 5, 0.5, '2018-01-01', NULL, 'A'),
(399, 5, 399, 12, 6, 30, 5, 0.5, '2018-01-01', NULL, 'A'),
(400, 5, 400, 12, 6, 30, 5, 0.5, '2018-01-01', NULL, 'A'),
(401, 5, 401, 12, 6, 30, 5, 0.5, '2018-01-01', NULL, 'A'),
(402, 5, 402, 12, 6, 30, 5, 0.5, '2018-01-01', NULL, 'A'),
(403, 5, 403, 12, 6, 30, 5, 0.5, '2018-01-01', NULL, 'A'),
(404, 5, 404, 12, 6, 30, 5, 0.5, '2018-01-01', NULL, 'A'),
(405, 5, 405, 12, 6, 30, 5, 0.5, '2018-01-01', NULL, 'A'),
(406, 5, 406, 12, 6, 30, 5, 0.5, '2018-01-01', NULL, 'A'),
(407, 5, 407, 12, 6, 30, 5, 0.5, '2018-01-01', NULL, 'A'),
(408, 5, 408, 12, 6, 30, 5, 0.5, '2018-01-01', NULL, 'A'),
(409, 5, 409, 12, 6, 30, 5, 0.5, '2018-01-01', NULL, 'A'),
(410, 5, 410, 12, 6, 30, 5, 0.5, '2018-01-01', NULL, 'A'),
(411, 5, 411, 15, 7.5, 30, 5, 0.5, '2018-01-01', NULL, 'A'),
(412, 5, 412, 15, 7.5, 30, 5, 0.5, '2018-01-01', NULL, 'A'),
(413, 5, 413, 15, 7.5, 30, 5, 0.5, '2018-01-01', NULL, 'A'),
(414, 5, 414, 12, 6, 30, 0, 0, '2018-01-01', NULL, 'A'),
(415, 5, 415, 12, 6, 30, 0, 0, '2018-01-01', NULL, 'A'),
(416, 5, 416, 14, 7, 30, 5, 0.5, '2018-01-01', NULL, 'A'),
(417, 5, 417, 14, 7, 30, 5, 0.5, '2018-01-01', NULL, 'A'),
(418, 5, 418, 14, 7, 30, 5, 0.5, '2018-01-01', NULL, 'A'),
(419, 5, 419, 12, 6, 30, 0, 0, '2018-01-01', NULL, 'A'),
(420, 5, 420, 14, 7, 30, 5, 0.5, '2018-01-01', NULL, 'A'),
(421, 5, 421, 14, 7, 30, 5, 0.5, '2018-01-01', NULL, 'A'),
(422, 5, 422, 14, 7, 30, 5, 0.5, '2018-01-01', NULL, 'A'),
(423, 5, 423, 14, 7, 30, 5, 0.5, '2018-01-01', NULL, 'A'),
(424, 5, 424, 12, 6, 30, 0, 0, '2018-01-01', NULL, 'A'),
(425, 5, 425, 12, 6, 30, 0, 0, '2018-01-01', NULL, 'A'),
(426, 5, 426, 12, 6, 30, 5, 0.5, '2018-01-01', NULL, 'A'),
(427, 5, 427, 12, 6, 30, 0, 0, '2018-01-01', NULL, 'A'),
(428, 5, 428, 12, 6, 30, 0, 0, '2018-01-01', NULL, 'A'),
(429, 5, 429, 12, 6, 30, 0, 0, '2018-01-01', NULL, 'A'),
(430, 5, 430, 12, 6, 30, 0, 0, '2018-01-01', NULL, 'A'),
(431, 5, 431, 12, 6, 30, 0, 0, '2018-01-01', NULL, 'A'),
(432, 5, 432, 12, 6, 30, 0, 0, '2018-01-01', NULL, 'A'),
(433, 5, 433, 12, 6, 30, 0, 0, '2018-01-01', NULL, 'A'),
(434, 5, 434, 12, 6, 30, 0, 0, '2018-01-01', NULL, 'A'),
(435, 5, 435, 12, 6, 30, 0, 0, '2018-01-01', NULL, 'A'),
(436, 5, 436, 12, 6, 30, 0, 0, '2018-01-01', NULL, 'A'),
(437, 5, 437, 12, 6, 30, 0, 0, '2018-01-01', NULL, 'A'),
(438, 5, 438, 12, 6, 30, 0, 0, '2018-01-01', NULL, 'A'),
(439, 5, 439, 12, 6, 30, 0, 0, '2018-01-01', NULL, 'A'),
(440, 5, 440, 12, 6, 30, 0, 0, '2018-01-01', NULL, 'A'),
(441, 5, 441, 12, 6, 30, 5, 0.5, '2018-01-01', NULL, 'A'),
(442, 5, 442, 12, 6, 30, 0, 0, '2018-01-01', NULL, 'A'),
(443, 5, 443, 12, 6, 30, 0, 0, '2018-01-01', NULL, 'A'),
(444, 5, 444, 12, 6, 30, 0, 0, '2018-01-01', NULL, 'A'),
(445, 5, 445, 12, 6, 30, 0, 0, '2018-01-01', NULL, 'A'),
(446, 5, 446, 12, 6, 30, 0, 0, '2018-01-01', NULL, 'A'),
(447, 5, 447, 12, 6, 30, 0, 0, '2018-01-01', NULL, 'A'),
(448, 5, 448, 12, 6, 30, 0, 0, '2018-01-01', NULL, 'A'),
(449, 5, 449, 12, 6, 30, 0, 0, '2018-01-01', NULL, 'A'),
(450, 5, 450, 12, 6, 30, 0, 0, '2018-01-01', NULL, 'A'),
(451, 5, 451, 12, 6, 30, 0, 0, '2018-01-01', NULL, 'A'),
(452, 5, 452, 12, 6, 30, 0, 0, '2018-01-01', NULL, 'A'),
(453, 5, 453, 12, 6, 30, 0, 0, '2018-01-01', NULL, 'A'),
(454, 5, 454, 14, 7, 30, 5, 0.5, '2018-01-01', NULL, 'A'),
(455, 5, 455, 12, 6, 30, 0, 0, '2018-01-01', NULL, 'A'),
(456, 5, 456, 12, 6, 30, 0, 0, '2018-01-01', NULL, 'A'),
(457, 5, 457, 12, 6, 30, 0, 0, '2018-01-01', NULL, 'A'),
(458, 5, 458, 12, 6, 30, 0, 0, '2018-01-01', NULL, 'A'),
(459, 5, 459, 12, 6, 30, 5, 0.5, '2018-01-01', NULL, 'A'),
(460, 5, 460, 12, 6, 30, 5, 0.5, '2018-01-01', NULL, 'A'),
(461, 5, 461, 89, 44.5, 30, 5, 0.5, '2018-01-01', NULL, 'A'),
(462, 5, 462, 12, 6, 30, 5, 0.5, '2018-01-01', NULL, 'A'),
(463, 5, 463, 12, 6, 30, 0, 0, '2018-01-01', NULL, 'A'),
(464, 5, 464, 12, 6, 30, 0, 0, '2018-01-01', NULL, 'A'),
(465, 5, 465, 12, 6, 30, 0, 0, '2018-01-01', NULL, 'A'),
(466, 5, 466, 12, 6, 30, 0, 0, '2018-01-01', NULL, 'A'),
(467, 5, 467, 12, 6, 30, 0, 0, '2018-01-01', NULL, 'A'),
(468, 5, 468, 12, 6, 30, 0, 0, '2018-01-01', NULL, 'A'),
(469, 5, 469, 12, 6, 30, 0, 0, '2018-01-01', NULL, 'A'),
(470, 5, 470, 12, 6, 30, 0, 0, '2018-01-01', NULL, 'A'),
(471, 5, 471, 12, 6, 30, 5, 0.5, '2018-01-01', NULL, 'A'),
(472, 5, 472, 12, 6, 30, 0, 0, '2018-01-01', NULL, 'A'),
(473, 5, 473, 12, 6, 30, 0, 0, '2018-01-01', NULL, 'A'),
(474, 5, 474, 12, 6, 30, 0, 0, '2018-01-01', NULL, 'A'),
(475, 5, 475, 12, 6, 30, 0, 0, '2018-01-01', NULL, 'A'),
(476, 5, 476, 12, 6, 30, 0, 0, '2018-01-01', NULL, 'A'),
(477, 5, 477, 12, 6, 30, 0, 0, '2018-01-01', NULL, 'A'),
(478, 5, 478, 12, 6, 30, 0, 0, '2018-01-01', NULL, 'A'),
(479, 5, 479, 12, 6, 30, 0, 0, '2018-01-01', NULL, 'A'),
(480, 5, 480, 12, 6, 30, 0, 0, '2018-01-01', NULL, 'A'),
(481, 5, 481, 12, 6, 30, 5, 0.5, '2018-01-01', NULL, 'A'),
(482, 5, 482, 12, 6, 30, 5, 0.5, '2018-01-01', NULL, 'A'),
(483, 5, 483, 12, 6, 30, 0, 0, '2018-01-01', NULL, 'A'),
(484, 5, 484, 12, 6, 30, 0, 0, '2018-01-01', NULL, 'A'),
(485, 5, 485, 12, 6, 30, 0, 0, '2018-01-01', NULL, 'A'),
(486, 5, 486, 12, 6, 30, 0, 0, '2018-01-01', NULL, 'A'),
(487, 5, 487, 12, 6, 30, 0, 0, '2018-01-01', NULL, 'A'),
(488, 5, 488, 12, 6, 30, 0, 0, '2018-01-01', NULL, 'A'),
(489, 5, 489, 12, 6, 30, 0, 0, '2018-01-01', NULL, 'A'),
(490, 5, 490, 12, 6, 30, 0, 0, '2018-01-01', NULL, 'A'),
(491, 5, 491, 12, 6, 30, 0, 0, '2018-01-01', NULL, 'A'),
(492, 5, 492, 12, 6, 30, 0, 0, '2018-01-01', NULL, 'A'),
(493, 5, 493, 12, 6, 30, 5, 0.5, '2018-01-01', NULL, 'A'),
(494, 5, 494, 12, 6, 30, 0, 0, '2018-01-01', NULL, 'A'),
(495, 5, 495, 12, 6, 30, 0, 0, '2018-01-01', NULL, 'A'),
(496, 5, 496, 12, 6, 30, 0, 0, '2018-01-01', NULL, 'A'),
(497, 5, 497, 12, 6, 30, 0, 0, '2018-01-01', NULL, 'A'),
(498, 5, 498, 12, 6, 30, 5, 0.5, '2018-01-01', NULL, 'A'),
(499, 5, 499, 12, 6, 30, 0, 0, '2018-01-01', NULL, 'A'),
(500, 5, 500, 12, 6, 30, 0, 0, '2018-01-01', NULL, 'A'),
(501, 5, 501, 12, 6, 30, 0, 0, '2018-01-01', NULL, 'A'),
(502, 5, 502, 12, 6, 30, 0, 0, '2018-01-01', NULL, 'A'),
(503, 5, 503, 12, 6, 30, 0, 0, '2018-01-01', NULL, 'A'),
(504, 5, 504, 12, 6, 30, 0, 0, '2018-01-01', NULL, 'A'),
(505, 5, 505, 12, 6, 30, 0, 0, '2018-01-01', NULL, 'A'),
(506, 5, 506, 12, 6, 30, 0, 0, '2018-01-01', NULL, 'A');

INSERT INTO SmallProductRoyaltyRate VALUES
(1, 1, 1, 1, 0.1, '2018-01-01', NULL, 'A'),
(2, 2, 1, 0.4, 0.04, '2018-01-01', NULL, 'A'),
(3, 3, 1, 0.8, 0.08, '2018-01-01', NULL, 'A'),
(4, 4, 1, 1, 0.1, '2018-01-01', NULL, 'A'),
(5, 5, 1, 0.2, 0.02, '2018-01-01', NULL, 'A'),
(6, 6, 1, 0.3, 0.03, '2018-01-01', NULL, 'A'),
(7, 7, 1, 0.4, 0.04, '2018-01-01', NULL, 'A'),
(8, 8, 1, 0.2, 0.02, '2018-01-01', NULL, 'A'),
(9, 9, 1, 15, 1.5, '2018-01-01', NULL, 'A'),
(10, 10, 1, 8, 0.8, '2018-01-01', NULL, 'A'),
(11, 11, 1, 8, 0.8, '2018-01-01', NULL, 'A'),
(12, 12, 1, 8, 0.8, '2018-01-01', NULL, 'A'),
(13, 13, 1, 8, 0.8, '2018-01-01', NULL, 'A'),
(14, 14, 1, 8, 0.8, '2018-01-01', NULL, 'A'),
(15, 15, 1, 8, 0.8, '2018-01-01', NULL, 'A'),
(16, 16, 1, 8, 0.8, '2018-01-01', NULL, 'A'),
(17, 17, 1, 8, 0.8, '2018-01-01', NULL, 'A'),
(18, 18, 1, 8, 0.8, '2018-01-01', NULL, 'A'),
(19, 19, 1, 5, 0.5, '2018-01-01', NULL, 'A'),
(20, 20, 1, 5, 0.5, '2018-01-01', NULL, 'A'),
(21, 21, 1, 5, 0.5, '2018-01-01', NULL, 'A'),
(22, 22, 1, 5, 0.5, '2018-01-01', NULL, 'A'),
(23, 23, 1, 5, 0.5, '2018-01-01', NULL, 'A'),
(24, 24, 1, 5, 0.5, '2018-01-01', NULL, 'A'),
(25, 25, 1, 5, 0.5, '2018-01-01', NULL, 'A'),
(26, 26, 1, 5, 0.5, '2018-01-01', NULL, 'A'),
(27, 27, 1, 5, 0.5, '2018-01-01', NULL, 'A'),
(28, 28, 1, 5, 0.5, '2018-01-01', NULL, 'A'),
(29, 29, 1, 5, 0.5, '2018-01-01', NULL, 'A'),
(30, 30, 1, 5, 0.5, '2018-01-01', NULL, 'A'),
(31, 31, 1, 5, 0.5, '2018-01-01', NULL, 'A'),
(32, 32, 1, 5, 0.5, '2018-01-01', NULL, 'A'),
(33, 33, 1, 5, 0.5, '2018-01-01', NULL, 'A'),
(34, 34, 1, 5, 0.5, '2018-01-01', NULL, 'A'),
(35, 35, 1, 5, 0.5, '2018-01-01', NULL, 'A'),
(36, 36, 1, 5, 0.5, '2018-01-01', NULL, 'A'),
(37, 37, 1, 5, 0.5, '2018-01-01', NULL, 'A'),
(38, 38, 1, 5, 0.5, '2018-01-01', NULL, 'A'),
(39, 39, 1, 5, 0.5, '2018-01-01', NULL, 'A'),
(40, 40, 1, 5, 0.5, '2018-01-01', NULL, 'A'),
(41, 41, 1, 5, 0.5, '2018-01-01', NULL, 'A'),
(42, 42, 1, 5, 0.5, '2018-01-01', NULL, 'A'),
(43, 43, 1, 5, 0.5, '2018-01-01', NULL, 'A'),
(44, 44, 1, 5, 0.5, '2018-01-01', NULL, 'A'),
(45, 45, 1, 5, 0.5, '2018-01-01', NULL, 'A'),
(46, 46, 1, 3, 0.3, '2018-01-01', NULL, 'A');

INSERT INTO LogSize (StateID, MinBigSize, MinSmallSize, StartDate, EndDate, Status) VALUES
(NULL, 45, 30, '1997-01-01', NULL, 'A');

INSERT INTO PermitType (Code, Name, Status) VALUES
('PT01', 'Permit Kongsi Matau (Borang 4)', 'A'),
('PT02', 'Permit Penggunaan Kongsi (Borang 4)', 'A'),
('PT03', 'Permit Jalan (Borang 7)', 'A');

INSERT INTO ForestDevelopmentWorkType (HeaderNo, Description, Status) VALUES
(1, 'Mencuci sempadan luar hutan simpan', 'A'),
(2, 'Inventori hutan', 'A'),
(3, 'Rawatan hutan', 'A'),
(4, 'Pembekalan anak pokok dan penebangan pokok', 'A'),
(5, 'Membina/membaiki jalan hutan/jambatan/pembetungan', 'A'),
(6, 'Tanaman mengaya', 'A'),
(7, 'Ladang hutan', 'A'),
(8, 'Pembinaan infrastruktur', 'A');

INSERT INTO ForestDevelopmentSubWorkType (ForestDevelopmentWorkTypeID, HeaderNo, Description, Status) VALUES
(1, 'a', 'Mengukur dan menanda sempadan hutan simpan', 'A'),
(1, 'b', 'Menyelenggara sempadan hutan simpan', 'A'),
(2, 'a', 'Inventori hutan sebelum tebangan termasuk membuat dan mencuci sempadan garisan tapak dan garisan inventori serta petak inventori', 'A'),
(2, 'b', 'Inventori hutan selepas tebangan termasuk membuat dan mencuci sempadan garisan tapak dan garisan inventori serta petak inventori', 'A'),
(3, 'a', 'Menggelang racun pokok dan memotong akar pepanjat', 'A'),
(3, 'b', 'Memotong akar pepanjat', 'A'),
(4, 'a', 'Membekal dan menghantar anak pokok untuk ladang hutan, tanaman mengaya, lanskap dan pengindahan bandar', 'A');

INSERT INTO TransactionFormMapDepartmentVot (TransactionFormID, DepartmentVotID, Status) VALUES
(14, 1, 'A'),
(14, 6, 'A'),
(7, 103, 'A'),
(7, 104, 'A'),
(7, 107, 'A'),
(12, 103, 'A'),
(12, 104, 'A'),
(12, 107, 'A'),
(6, 141, 'A'),
(6, 6, 'A'),
(10, 141, 'A'),
(10, 6, 'A'),
(6, 14, 'A'),
(6, 15, 'A'),
(6, 16, 'A'),
(6, 17, 'A'),
(6, 105, 'A'),
(6, 3, 'A'),
(6, 4, 'A'),
(6, 5, 'A'),
(10, 2, 'A'),
(10, 3, 'A'),
(10, 4, 'A'),
(10, 5, 'A'),
(6, 18, 'A'),
(6, 19, 'A'),
(6, 20, 'A'),
(6, 21, 'A'),
(6, 22, 'A'),
(6, 23, 'A'),
(11, 24, 'A'),
(11, 25, 'A'),
(11, 26, 'A'),
(3, 59, 'A'),
(3, 60, 'A'),
(3, 61, 'A'),
(3, 62, 'A'),
(3, 63, 'A'),
(3, 64, 'A'),
(2, 65, 'A'),
(6, 68, 'A'),
(6, 69, 'A'),
(6, 70, 'A'),
(6, 71, 'A'),
(6, 72, 'A'),
(6, 73, 'A'),
(6, 74, 'A'),
(6, 75, 'A'),
(6, 76, 'A'),
(6, 77, 'A'),
(6, 68, 'A'),
(6, 69, 'A'),
(6, 70, 'A'),
(6, 71, 'A'),
(6, 72, 'A'),
(6, 73, 'A'),
(6, 74, 'A'),
(6, 75, 'A'),
(6, 76, 'A'),
(6, 77, 'A'),
(1, 82, 'A'),
(1, 83, 'A'),
(1, 84, 'A'),
(1, 85, 'A'),
(1, 86, 'A'),
(1, 87, 'A'),
(1, 88, 'A'),
(1, 89, 'A'),
(1, 90, 'A'),
(1, 91, 'A'),
(1, 92, 'A'),
(1, 93, 'A'),
(1, 94, 'A'),
(1, 95, 'A'),
(1, 96, 'A'),
(1, 97, 'A'),
(1, 98, 'A'),
(1, 99, 'A'),
(1, 100, 'A'),
(1, 101, 'A'),
(15, 31, 'A'),
(10, 105, 'A');

INSERT INTO TransactionFormMapTrustFund (TransactionFormID, TrustFundID, Status) VALUES
(14, 1, 'A'),
(15, 2, 'A'),
(15, 3, 'A'),
(15, 4, 'A'),
(14, 5, 'A'),
(16, 1, 'A'),
(16, 2, 'A'),
(17, 3, 'A'),
(17, 4, 'A'),
(17, 5, 'A');